,Date,JAPAN Standard (Large+Mid Cap),NETHERLANDS Standard (Large+Mid Cap),NORWAY Standard (Large+Mid Cap),SINGAPORE Standard (Large+Mid Cap),AUSTRALIA Standard (Large+Mid Cap),AUSTRIA Standard (Large+Mid Cap),BELGIUM Standard (Large+Mid Cap),CANADA Standard (Large+Mid Cap),DENMARK Standard (Large+Mid Cap),SPAIN Standard (Large+Mid Cap),SWEDEN Standard (Large+Mid Cap),SWITZERLAND Standard (Large+Mid Cap),UNITED KINGDOM Standard (Large+Mid Cap),USA Standard (Large+Mid Cap),FRANCE Standard (Large+Mid Cap),GERMANY Standard (Large+Mid Cap),HONG KONG Standard (Large+Mid Cap),ITALY Standard (Large+Mid Cap)
0,11/30/71,111.4,80.9,137.6,143.14,61.12,109.95,113.3,110.5,85.56,106.79,98.41,101.58,119.55,104.68,85.73,81.81,177.15,63.47
1,12/31/71,125.42,86.29,150.28,147.19,75.2,112.11,118.47,122.99,90.24,113.51,101.33,105.53,128.62,111.03,88.88,87.63,216.61,67.93
2,01/31/72,135.1,92.52,146.57,156.81,72.71,113.2,125.53,128.42,95.28,118.53,105.29,114.26,135.48,113.07,94.38,93.8,214.06,70.35
3,02/29/72,147.08,97.17,144.86,167.37,80.03,116.62,131.6,132.48,98.41,122.53,104.05,119.87,143.53,116.04,100.28,101.44,221.53,65.67
4,03/31/72,154.38,95.2,150.08,199.99,82.56,116.06,137.76,132.46,97.45,127.95,111.63,122.89,143.71,117.65,112.39,106.62,232.0,66.73
5,04/28/72,162.13,95.29,148.23,203.96,80.83,116.9,136.44,132.85,103.11,133.86,113.47,122.36,148.03,117.64,115.12,103.62,258.97,70.2
6,05/31/72,175.51,106.08,146.52,200.81,84.22,125.2,138.15,139.78,112.39,139.38,108.92,131.22,144.88,117.32,121.59,106.27,281.52,72.39
7,06/30/72,182.2,102.82,164.93,208.65,86.37,125.67,139.22,142.3,123.17,142.21,109.88,121.55,131.31,115.03,116.57,104.39,295.97,72.74
8,07/31/72,197.43,108.64,169.62,238.1,81.37,146.12,147.04,141.56,124.84,145.95,112.21,129.73,138.48,114.19,124.16,110.14,321.88,71.11
9,08/31/72,201.99,109.2,174.31,247.76,81.75,142.66,144.99,151.03,127.69,151.36,116.89,133.75,139.11,118.16,124.83,107.44,296.1,71.41
10,09/29/72,210.84,103.22,164.57,237.35,79.04,140.93,145.07,149.88,125.57,149.05,115.82,132.84,123.61,118.17,122.8,103.37,322.75,70.46
11,10/31/72,217.31,103.85,156.67,251.39,83.75,143.07,143.72,146.48,156.14,159.19,114.13,131.3,123.04,119.51,117.5,101.07,414.1,71.84
12,11/30/72,255.67,105.39,159.45,329.45,86.28,147.39,144.73,153.04,165.31,156.59,117.37,126.77,131.48,123.92,109.44,102.33,435.58,78.27
13,12/29/72,277.38,106.64,159.48,459.6,88.55,149.01,149.9,159.02,182.57,155.57,114.19,132.84,129.34,125.8,106.62,100.45,556.86,75.73
14,01/31/73,281.7,112.08,185.89,533.71,91.34,164.16,159.87,158.44,204.75,166.38,118.97,138.31,120.85,122.63,113.83,106.61,650.87,70.21
15,02/28/73,305.09,120.98,203.95,469.86,92.21,178.4,186.18,154.76,214.84,185.91,126.3,149.03,122.28,116.73,128.66,115.63,1221.48,79.38
16,03/30/73,305.44,125.78,232.75,480.34,91.91,189.38,187.93,154.79,210.33,197.68,122.02,145.87,121.9,115.18,135.64,121.83,964.17,86.74
17,04/30/73,271.23,122.87,291.54,371.78,85.97,194.22,191.17,147.84,214.33,203.43,124.25,138.96,123.09,110.58,144.55,115.14,556.94,87.0
18,05/31/73,277.83,122.22,337.38,457.08,92.97,193.73,199.45,141.77,224.99,190.37,131.73,152.75,126.68,108.67,148.49,108.1,567.83,96.02
19,06/29/73,282.36,124.08,363.92,476.95,90.54,216.71,212.93,144.39,247.18,194.3,137.9,160.12,125.85,108.66,153.95,119.82,481.03,108.87
20,07/31/73,299.08,123.83,362.77,446.95,92.08,223.69,205.91,152.07,257.85,198.52,139.79,148.67,116.35,112.76,144.32,115.33,531.56,85.4
21,08/31/73,284.53,115.83,331.93,366.7,81.83,211.49,188.98,151.36,238.44,201.88,128.68,141.43,109.66,108.82,132.79,111.0,455.4,93.31
22,09/28/73,268.81,119.02,336.67,394.25,79.11,212.87,196.97,156.08,229.43,214.99,128.42,148.61,111.15,112.52,135.55,111.16,408.12,90.41
23,10/31/73,267.04,116.73,355.61,412.4,83.54,206.5,202.49,167.3,226.84,212.83,131.09,150.95,114.87,112.82,137.52,117.42,470.38,93.33
24,11/30/73,229.95,95.45,332.11,341.22,76.22,186.52,170.53,150.81,187.49,188.28,114.67,128.69,97.52,100.66,112.46,97.16,398.38,81.77
25,12/31/73,216.88,96.44,358.7,303.58,75.12,180.77,165.48,149.28,185.94,190.01,113.14,124.72,91.95,102.23,106.39,92.37,332.73,81.63
26,01/31/74,215.76,94.61,380.49,311.55,84.77,176.73,162.02,153.62,174.83,199.45,115.69,128.3,87.84,100.28,106.21,96.64,350.69,78.65
27,02/28/74,223.68,93.66,356.81,309.61,92.39,182.49,167.22,159.19,178.42,205.24,125.45,125.43,93.71,99.96,111.56,93.45,297.61,79.8
28,03/29/74,227.06,94.23,341.3,289.83,86.47,194.91,166.19,155.1,166.14,201.91,136.0,131.21,78.44,97.31,104.03,98.32,262.79,94.55
29,04/30/74,230.05,98.17,340.96,258.21,83.02,199.28,171.53,143.68,170.4,215.91,141.03,130.44,84.52,93.36,99.12,105.83,235.67,88.56
30,05/31/74,237.97,92.71,292.89,287.73,70.7,198.17,153.94,132.15,165.9,209.16,128.75,113.15,75.69,90.26,94.44,99.05,310.11,77.84
31,06/28/74,229.2,88.86,279.28,266.55,66.17,193.94,145.76,127.19,158.46,212.5,125.42,116.34,68.25,88.53,86.74,95.29,308.74,69.46
32,07/31/74,206.06,90.68,289.07,228.83,55.6,190.42,150.04,128.86,150.51,213.2,129.8,120.34,63.66,81.28,89.57,93.09,259.04,69.8
33,08/30/74,183.03,79.01,247.12,200.2,54.29,184.38,132.99,115.79,135.47,197.06,116.41,105.28,54.14,73.71,78.34,90.79,199.82,59.98
34,09/30/74,184.67,70.52,201.61,177.4,38.15,181.09,123.69,103.59,139.47,171.39,113.32,95.44,47.55,64.92,65.92,86.48,162.87,55.55
35,10/31/74,168.93,71.33,236.41,184.97,47.59,188.89,133.39,114.5,143.44,169.01,122.59,103.65,49.07,76.15,71.32,91.25,173.03,56.13
36,11/29/74,186.1,73.28,223.9,152.74,49.34,190.1,136.19,104.24,140.69,182.0,117.84,105.22,41.3,72.41,73.34,99.65,137.24,59.17
37,12/31/74,178.19,75.42,210.41,151.85,47.16,201.22,133.49,104.55,156.92,168.91,121.17,105.5,42.0,70.68,77.59,103.35,136.01,53.15
38,01/31/75,186.82,94.21,234.58,232.08,57.8,206.78,154.69,120.45,167.09,171.12,134.02,131.04,65.3,79.57,97.92,116.39,182.03,58.38
39,02/28/75,213.68,102.55,241.65,283.12,58.66,217.79,164.93,123.35,174.87,179.18,147.06,138.88,82.47,84.3,99.84,131.82,207.43,64.23
40,03/31/75,218.63,100.69,231.74,303.8,57.35,216.01,160.51,119.45,164.88,169.94,143.37,135.35,75.36,86.09,107.0,129.86,218.58,62.4
41,04/30/75,218.8,102.98,245.92,298.62,56.15,212.39,166.66,120.88,178.71,177.27,148.54,141.94,86.77,89.71,116.41,131.9,246.48,61.97
42,05/30/75,217.36,98.2,237.92,277.56,61.67,210.18,166.97,123.04,186.15,168.28,144.31,139.89,89.4,93.54,113.17,123.8,244.05,60.42
43,06/30/75,219.39,100.66,233.15,247.03,59.67,209.0,160.48,125.76,181.18,160.78,150.02,138.84,75.19,97.78,105.75,123.98,244.22,53.25
44,07/31/75,207.77,94.16,227.12,227.48,58.26,190.8,150.23,124.35,174.04,152.04,142.26,131.11,71.52,90.96,106.06,122.97,228.1,46.63
45,08/29/75,198.19,93.98,220.19,218.79,56.04,188.46,150.26,122.9,175.13,154.35,135.64,124.88,80.57,88.7,105.23,116.59,222.89,46.34
46,09/30/75,185.28,85.72,180.09,214.69,59.64,182.29,132.33,116.53,169.34,143.62,136.78,115.17,79.22,85.34,96.77,111.17,228.28,43.7
47,10/31/75,204.88,93.25,186.81,236.6,61.19,190.19,137.1,111.11,183.56,150.07,143.46,132.23,83.61,90.94,103.52,125.07,233.37,45.27
48,11/28/75,206.26,99.86,172.5,228.37,65.17,185.75,142.31,119.67,182.1,167.41,138.8,138.46,81.83,93.43,107.68,127.85,247.66,46.82
49,12/31/75,208.22,105.5,172.87,240.87,67.0,189.51,142.42,115.2,184.47,163.03,140.47,144.44,85.46,92.24,106.15,129.19,274.11,46.73
50,01/30/76,220.65,113.77,206.98,297.23,67.95,192.71,154.93,127.33,196.88,151.82,146.86,149.77,93.6,102.73,107.58,131.85,328.32,45.39
51,02/27/76,221.81,111.77,191.93,288.75,68.9,195.01,150.35,133.83,189.6,129.09,147.15,148.74,90.31,101.4,112.28,133.82,350.48,45.17
52,03/31/76,221.35,116.52,183.45,264.26,67.12,199.16,144.75,131.77,188.4,122.48,148.27,149.13,84.65,104.67,103.98,138.81,365.28,36.74
53,04/30/76,222.39,116.62,179.57,280.68,68.52,197.1,145.0,133.73,189.82,131.32,163.05,147.66,84.47,103.29,98.72,130.24,340.59,32.99
54,05/31/76,223.23,112.83,175.51,269.5,69.05,194.48,137.1,134.26,193.81,126.82,154.65,148.69,75.42,101.9,97.19,126.0,322.55,35.32
55,06/30/76,234.03,110.5,187.81,274.66,69.79,192.04,137.58,133.08,200.37,117.03,152.8,151.43,75.29,106.14,94.52,127.74,331.24,37.72
56,07/30/76,229.3,109.91,192.21,266.63,76.73,197.45,136.92,130.84,202.46,116.43,153.17,151.19,72.61,105.28,86.48,126.35,323.02,39.2
57,08/31/76,236.94,108.77,186.96,277.35,76.34,203.42,131.98,129.33,202.12,113.58,144.14,150.88,68.79,104.9,85.88,126.35,331.44,37.78
58,09/30/76,237.82,107.65,192.04,277.97,70.0,209.99,131.07,127.43,197.68,114.81,142.03,149.87,60.71,107.27,80.13,132.08,328.2,34.74
59,10/29/76,224.97,106.16,183.62,261.87,65.64,210.58,129.56,122.44,190.08,107.43,130.08,144.36,52.53,104.98,74.03,123.68,312.38,30.1
60,11/30/76,222.07,109.71,190.92,252.35,51.71,204.07,138.23,106.8,181.29,106.64,134.57,145.5,57.74,104.24,71.19,130.05,327.48,32.13
61,12/31/76,255.49,116.26,191.81,267.12,57.53,212.57,146.06,121.22,188.4,99.08,142.47,155.37,70.46,109.48,79.93,133.14,373.01,33.29
62,01/31/77,247.45,116.23,182.69,264.7,58.39,208.31,140.53,117.28,186.28,90.97,128.51,153.37,76.95,103.85,78.1,130.48,360.05,31.02
63,02/28/77,259.73,119.23,175.21,261.56,56.46,212.34,144.31,115.96,195.56,96.89,142.65,149.31,78.56,101.43,74.35,128.16,351.85,30.44
64,03/31/77,256.79,121.16,176.35,254.49,59.63,210.56,139.67,116.5,198.35,91.41,144.12,150.54,80.91,99.96,66.52,132.16,340.87,29.87
65,04/29/77,261.12,132.59,164.99,248.88,58.79,209.85,142.31,113.51,193.85,92.41,136.35,152.07,83.42,99.97,64.91,143.07,358.49,28.51
66,05/31/77,259.05,124.89,158.89,248.51,61.27,208.76,140.78,111.1,190.69,88.25,132.38,147.07,85.3,97.78,68.02,139.78,347.61,27.05
67,06/30/77,268.83,125.15,161.08,259.2,60.91,206.46,144.59,115.4,189.19,86.94,118.44,151.25,87.7,102.22,72.53,136.74,349.92,28.41
68,07/29/77,265.19,126.72,160.47,266.53,57.4,209.45,146.51,114.59,183.81,62.76,116.52,154.41,86.09,100.64,70.5,141.01,333.2,26.23
69,08/31/77,278.76,119.85,147.69,269.57,54.44,205.13,142.67,109.46,180.23,62.47,98.99,159.98,96.08,98.44,75.45,141.48,340.41,31.0
70,09/30/77,282.28,122.41,152.8,262.55,54.23,199.65,142.02,109.62,181.19,55.14,106.01,169.84,103.85,98.18,79.77,143.81,329.7,29.77
71,10/31/77,287.33,123.39,149.64,263.95,58.06,202.46,142.34,101.75,181.9,55.43,101.16,175.96,105.31,93.79,83.17,151.32,326.23,27.83
72,11/30/77,287.68,125.24,139.72,269.78,56.3,200.75,140.28,107.35,172.2,55.45,95.02,181.79,99.5,95.9,79.16,153.92,327.5,26.3
73,12/30/77,289.23,126.93,139.93,274.38,61.19,217.18,146.98,113.32,183.46,60.13,106.27,194.56,105.83,96.12,78.94,161.11,317.64,26.03
74,01/31/78,300.91,127.4,131.76,269.67,58.05,215.01,152.91,104.72,185.57,57.05,115.66,205.12,102.69,90.18,73.86,162.68,317.94,27.71
75,02/28/78,311.83,129.88,122.64,271.6,54.66,219.79,157.46,104.1,192.58,54.8,113.63,209.02,96.81,87.82,75.02,168.76,321.46,29.52
76,03/31/78,351.65,134.47,123.56,295.66,57.57,224.92,159.5,108.43,188.18,55.4,121.19,206.61,99.09,89.61,94.42,168.9,350.81,31.05
77,04/28/78,348.87,131.49,123.5,310.01,61.06,215.88,166.42,110.1,182.05,58.33,126.34,190.41,98.58,97.73,98.83,159.88,351.0,30.86
78,05/31/78,351.54,132.11,126.9,328.2,63.84,214.53,156.0,115.96,182.68,59.32,121.75,196.63,102.39,97.77,103.99,160.58,356.2,32.53
79,06/30/78,383.98,133.92,118.59,367.25,63.46,214.6,152.88,114.9,183.05,60.49,124.3,203.28,100.89,95.86,102.52,164.87,432.0,31.01
80,07/31/78,423.37,137.91,126.0,380.89,67.49,224.19,156.91,120.94,191.22,64.01,135.28,214.68,110.98,101.31,117.31,173.43,452.69,31.58
81,08/31/78,416.42,147.06,149.71,442.89,71.56,229.47,160.94,122.95,193.04,64.9,138.03,227.74,113.7,103.62,114.05,180.63,528.73,34.16
82,09/29/78,425.01,147.46,157.45,392.27,74.36,233.78,164.36,126.94,191.4,63.4,130.73,232.96,114.85,102.8,130.9,190.4,492.72,42.54
83,10/31/78,457.33,151.17,146.78,450.97,70.86,260.4,181.06,120.8,203.03,66.41,132.28,237.31,117.65,93.68,134.55,209.21,515.58,41.05
84,11/30/78,414.55,138.21,139.0,373.62,66.98,227.38,165.38,127.42,185.18,58.9,122.58,210.14,111.67,95.19,119.09,184.82,367.58,36.36
85,12/29/78,434.09,143.06,140.11,386.98,70.94,242.45,175.16,130.61,189.69,58.55,125.36,230.2,114.89,96.51,128.76,195.09,360.92,36.74
86,01/31/79,432.01,148.09,148.07,422.5,73.62,235.36,182.72,133.25,198.16,56.31,133.92,244.44,113.85,100.5,124.68,191.6,402.18,38.07
87,02/28/79,414.78,145.92,166.55,395.46,75.82,235.88,185.11,136.0,198.44,59.59,126.79,243.19,123.27,96.61,116.95,187.0,384.29,40.22
88,03/30/79,399.44,151.71,170.96,420.17,76.54,241.88,186.53,149.31,198.57,67.98,126.53,245.01,141.63,101.67,122.12,182.58,381.7,40.66
89,04/30/79,386.49,151.03,194.93,430.38,73.73,235.51,183.32,152.99,194.77,64.97,119.07,242.09,148.2,101.24,127.47,179.05,378.74,38.17
90,05/31/79,391.78,144.67,219.31,449.79,75.79,231.55,177.31,156.6,185.04,64.94,118.14,231.65,137.42,98.84,118.78,169.49,391.09,39.94
91,06/29/79,393.8,154.03,260.43,431.69,74.52,239.72,181.33,167.04,188.31,64.78,118.23,240.39,137.66,102.19,136.19,170.38,371.99,40.13
92,07/31/79,392.09,153.99,258.35,442.34,76.63,240.08,184.55,158.67,193.17,60.65,122.53,241.91,138.44,102.87,135.79,177.48,413.94,42.49
93,08/31/79,392.99,160.73,262.91,459.91,85.63,245.55,183.4,174.33,190.83,60.82,119.95,247.92,141.47,107.5,145.37,180.63,406.17,46.17
94,09/28/79,399.89,168.23,306.62,488.35,91.33,256.31,195.11,185.14,190.08,57.92,121.02,268.37,143.62,106.86,167.79,189.25,486.7,47.95
95,10/31/79,368.35,156.46,329.04,449.65,89.8,257.8,183.58,165.5,179.73,55.19,116.58,242.77,128.28,99.54,147.65,173.09,480.61,43.25
96,11/30/79,353.07,158.46,391.63,457.73,87.13,271.5,189.6,179.72,182.87,52.42,118.07,248.91,133.43,103.19,158.03,182.02,542.25,42.33
97,12/31/79,374.83,160.07,383.42,484.85,97.59,279.77,189.95,190.85,173.91,54.93,121.48,251.35,132.76,104.38,156.74,180.71,634.4,42.0
98,01/31/80,381.74,162.96,390.3,541.12,117.52,274.78,192.09,218.19,165.62,53.0,128.04,251.87,146.47,110.18,167.32,179.12,664.72,45.76
99,02/29/80,366.33,161.41,364.81,560.89,120.3,274.18,180.68,246.71,156.93,54.43,125.57,234.91,154.39,108.56,165.15,179.58,660.24,46.58
100,03/31/80,355.49,135.28,263.61,492.37,98.15,248.03,148.99,191.67,139.21,49.41,117.12,197.33,133.38,98.45,138.04,151.4,542.28,41.78
101,04/30/80,383.9,151.06,306.5,526.9,104.72,261.71,175.1,197.49,146.92,48.69,126.41,225.11,143.57,102.22,152.33,168.38,623.14,45.79
102,05/30/80,406.15,156.9,349.34,597.46,119.13,264.35,176.63,214.03,149.64,50.59,125.44,226.19,144.26,106.61,161.6,174.01,641.87,47.27
103,06/30/80,421.38,164.56,345.39,648.44,127.73,265.03,180.69,228.99,155.42,54.28,126.67,239.74,161.87,109.55,162.86,180.38,755.17,48.81
104,07/31/80,399.88,168.74,332.44,677.71,127.33,263.3,176.2,237.76,163.5,52.81,126.56,240.08,166.74,116.31,155.27,181.09,836.86,53.84
105,08/29/80,425.85,165.49,317.72,711.2,134.34,258.59,168.0,241.05,165.19,52.87,121.06,241.21,170.11,116.59,158.11,176.26,888.86,58.97
106,09/30/80,453.22,165.86,350.59,669.36,141.98,253.18,164.79,238.95,177.99,54.28,120.87,239.95,174.32,119.0,156.99,174.27,872.27,65.78
107,10/31/80,463.6,173.65,340.92,748.36,151.05,240.87,155.09,231.34,193.99,53.26,129.76,233.03,188.88,121.48,161.07,161.05,1082.36,79.69
108,11/28/80,448.07,181.3,327.44,784.97,146.62,237.98,146.99,239.99,191.31,50.02,137.57,228.63,184.74,133.64,157.17,161.57,1031.32,74.21
109,12/31/80,478.8,168.27,301.15,772.31,145.02,236.09,140.55,225.44,190.88,50.35,139.46,226.21,175.72,128.47,144.74,154.38,1061.09,74.11
110,01/30/81,487.51,159.04,283.02,874.52,129.51,211.88,131.32,222.76,193.28,49.57,130.56,201.51,174.0,123.17,127.89,139.9,1106.66,85.38
111,02/27/81,479.82,157.56,268.64,959.47,123.89,208.07,126.35,217.15,191.15,48.84,149.25,201.1,167.74,125.24,128.61,138.54,1023.8,90.12
112,03/31/81,507.81,149.2,258.87,952.62,136.53,207.85,120.69,233.19,198.34,50.44,161.17,205.24,169.41,128.87,133.53,144.69,937.39,90.81
113,04/30/81,544.07,141.99,246.32,1018.19,134.63,190.24,115.31,227.65,197.88,50.01,149.3,189.82,173.09,125.93,118.84,143.57,967.78,94.97
114,05/29/81,529.41,130.52,213.29,973.83,133.23,178.63,99.68,235.18,198.47,50.65,153.06,178.2,158.6,125.02,90.58,132.36,1130.93,95.74
115,06/30/81,547.41,129.29,206.34,1058.74,130.72,170.18,93.9,234.55,209.79,56.62,167.79,186.01,151.53,124.18,83.32,136.83,1149.56,76.12
116,07/31/81,526.61,127.85,235.16,898.57,115.86,165.85,87.7,218.12,201.05,52.25,171.97,177.2,145.58,124.51,89.02,133.02,1077.78,68.22
117,08/31/81,546.37,127.65,240.1,704.44,116.26,161.57,88.75,217.96,207.76,56.35,174.2,171.2,151.43,116.86,93.27,130.75,1011.97,75.84
118,09/30/81,494.07,114.42,223.54,715.75,105.12,165.59,87.56,185.63,204.23,54.61,151.86,171.0,123.74,110.8,95.89,129.41,732.18,67.18
119,10/30/81,492.92,126.93,244.96,731.8,98.59,170.02,88.53,180.38,224.15,51.55,170.27,184.57,130.14,115.75,92.81,132.97,767.18,62.29
120,11/30/81,537.08,139.51,260.19,882.65,107.78,173.33,91.52,203.54,228.12,54.25,190.19,201.07,154.67,120.26,98.76,140.12,900.66,68.3
121,12/31/81,545.08,134.62,239.84,897.24,105.75,180.64,106.94,193.0,227.83,50.93,183.68,198.02,147.73,116.52,94.89,133.6,863.68,65.64
122,01/29/82,535.26,132.39,238.63,875.43,93.76,170.2,111.98,175.46,226.03,49.77,178.07,189.22,154.17,114.64,99.16,131.97,851.45,63.22
123,02/26/82,491.98,120.92,215.5,793.54,83.47,162.75,107.38,161.3,220.55,47.87,174.13,183.43,142.4,108.16,103.36,130.0,743.41,65.11
124,03/31/82,444.08,128.0,189.09,764.78,76.79,158.03,99.57,151.07,203.1,44.96,164.72,181.58,144.16,107.02,95.86,131.12,689.99,62.73
125,04/30/82,482.95,138.83,204.83,816.39,86.28,159.06,103.62,149.25,215.45,46.56,160.94,181.11,147.1,111.15,104.43,135.46,807.25,60.59
126,05/31/82,463.81,136.57,207.84,814.01,84.77,157.24,96.62,145.67,208.08,44.91,166.05,174.29,151.29,106.9,102.95,132.16,879.26,55.45
127,06/30/82,435.25,122.75,182.51,725.73,77.06,145.47,91.24,125.44,193.05,40.85,159.11,159.38,141.07,104.99,84.44,122.96,768.38,47.68
128,07/30/82,418.46,123.39,176.68,659.58,74.07,144.17,94.96,133.09,196.49,39.55,169.59,159.66,145.49,102.56,82.01,122.88,712.57,50.65
129,08/31/82,420.25,125.27,178.98,627.31,75.33,141.33,98.8,156.39,202.38,36.9,167.79,160.26,147.13,114.63,83.82,119.24,618.07,51.43
130,09/30/82,403.61,124.75,160.88,641.12,76.78,139.05,100.27,153.88,202.41,32.85,180.76,158.57,153.45,115.58,80.54,123.95,531.96,48.86
131,10/29/82,404.57,133.96,162.35,683.77,76.41,135.91,97.65,170.83,209.42,33.3,175.25,165.59,155.66,127.9,80.63,120.95,417.37,47.65
132,11/30/82,478.91,133.16,156.11,691.62,75.07,141.35,99.95,172.84,204.45,34.34,205.48,178.02,150.51,132.32,83.73,127.43,393.28,50.72
133,12/31/82,532.64,145.74,162.79,730.09,77.7,157.1,107.06,188.02,225.75,31.26,218.68,198.36,152.32,134.15,85.69,141.85,453.29,52.13
134,01/31/83,509.95,147.14,180.78,790.81,85.48,148.48,105.73,193.32,229.79,29.62,246.96,201.12,149.45,138.97,88.41,136.31,503.01,58.18
135,02/28/83,517.7,151.47,197.56,840.04,78.65,151.32,107.35,199.88,255.97,29.29,296.13,202.94,149.69,141.36,91.78,147.56,572.9,63.35
136,03/31/83,537.81,174.57,204.28,863.11,73.53,162.99,119.33,204.39,289.81,30.97,295.92,201.59,151.21,145.71,94.66,166.36,544.81,66.24
137,04/29/83,548.56,179.47,248.69,944.17,85.11,168.68,127.58,225.19,293.8,30.61,341.29,211.81,171.97,156.6,98.09,174.3,541.2,61.01
138,05/31/83,549.16,173.84,246.37,921.92,90.62,164.93,121.53,230.2,292.51,32.32,337.03,202.34,176.43,153.64,99.3,160.33,469.97,57.41
139,06/30/83,565.97,190.34,252.9,933.83,87.79,159.74,126.78,234.58,312.23,30.48,315.7,206.33,177.25,159.04,97.37,167.89,495.74,57.73
140,07/29/83,569.99,187.71,277.94,885.53,98.54,151.89,128.66,235.34,311.26,29.45,339.34,210.2,170.25,153.34,96.3,165.13,540.52,57.67
141,08/31/83,562.32,185.82,277.59,908.61,101.92,147.87,123.47,235.97,345.31,27.2,341.87,198.81,168.11,155.92,98.99,151.52,465.56,57.51
142,09/30/83,606.04,190.71,287.46,897.7,106.17,151.93,123.39,238.7,375.42,28.06,334.67,205.73,167.26,157.4,103.79,159.32,339.73,55.96
143,10/31/83,602.41,181.69,270.59,871.27,104.27,149.51,115.32,224.29,365.56,29.53,325.05,211.58,163.82,155.07,103.31,171.9,407.45,52.2
144,11/30/83,609.17,186.2,277.25,874.4,113.83,146.22,118.8,243.34,361.95,29.2,338.01,219.27,170.54,157.85,107.33,170.56,401.34,53.26
145,12/30/83,655.43,190.7,285.14,942.97,116.23,149.43,123.79,242.77,374.42,26.09,321.37,230.03,170.25,156.43,109.83,171.49,414.19,52.67
146,01/31/84,685.44,212.87,317.8,964.87,115.56,143.58,130.25,230.61,365.23,28.33,346.29,221.6,176.37,154.13,115.65,171.31,525.44,60.82
147,02/29/84,682.72,214.63,332.06,930.19,111.24,154.66,130.81,227.64,339.05,32.59,349.36,224.57,182.8,147.18,118.16,177.12,504.03,61.82
148,03/30/84,805.2,216.84,346.28,909.35,115.27,156.49,137.44,220.22,319.13,33.46,363.69,226.86,189.09,149.34,119.84,177.39,483.18,62.31
149,04/30/84,786.95,207.55,365.95,904.97,113.94,147.31,142.81,213.88,332.04,32.01,335.95,224.73,187.29,150.33,126.31,170.61,492.03,58.87
150,05/31/84,689.53,196.88,352.12,842.04,95.3,145.24,136.08,204.15,290.34,32.48,299.67,213.22,167.21,141.34,121.5,162.25,440.79,56.15
151,06/29/84,692.09,197.48,296.02,780.06,93.81,141.13,128.47,199.75,291.71,32.88,306.66,205.9,167.63,143.77,117.97,163.02,432.01,56.53
152,07/31/84,642.57,177.73,288.2,796.91,93.65,135.02,125.77,193.26,285.74,34.27,304.57,192.61,156.96,142.08,105.18,146.24,383.95,54.1
153,08/31/84,697.01,204.29,320.62,790.49,102.78,134.97,140.34,220.92,282.76,34.71,299.13,205.89,172.12,156.94,116.1,154.72,448.51,57.04
154,09/28/84,693.37,211.28,294.06,758.8,101.22,134.41,135.2,218.32,247.05,35.8,278.84,199.35,168.43,156.6,114.76,156.87,483.71,52.05
155,10/31/84,726.9,208.11,299.74,707.22,104.63,136.26,137.75,213.82,238.27,34.22,270.81,202.5,166.89,156.81,116.48,160.73,488.26,51.92
156,11/30/84,731.17,202.09,282.05,681.29,105.08,138.07,132.0,213.42,238.28,34.13,252.82,199.14,169.74,154.7,113.75,158.78,540.78,51.8
157,12/31/84,758.51,202.81,278.35,673.9,97.29,138.67,130.45,216.33,236.75,33.22,247.22,198.88,171.32,158.01,112.02,158.59,577.05,55.63
158,01/31/85,754.04,219.36,315.98,689.01,103.0,138.99,125.41,233.05,255.81,39.09,269.04,205.27,174.45,170.1,118.24,164.87,660.45,62.84
159,02/28/85,778.09,215.69,293.21,673.7,92.88,151.66,126.51,222.77,241.33,36.06,249.6,193.18,164.63,171.52,114.89,159.32,662.94,62.21
160,03/29/85,821.81,231.17,296.11,671.76,95.03,175.81,136.63,227.93,259.4,38.75,257.8,209.78,190.17,171.38,128.95,174.53,661.28,64.64
161,04/30/85,793.08,238.7,318.94,654.26,93.37,224.87,134.32,228.58,261.37,37.57,261.38,218.46,194.14,170.4,131.83,181.65,726.96,66.15
162,05/31/85,820.09,232.66,325.69,671.68,95.28,257.27,140.46,235.2,272.02,37.61,250.24,225.45,203.27,180.34,142.72,199.89,765.41,72.22
163,06/28/85,856.43,238.68,308.46,635.29,95.48,274.22,134.87,233.26,286.19,36.65,246.65,244.81,195.74,182.37,138.36,216.85,755.5,80.03
164,07/31/85,860.06,259.61,354.21,630.58,112.29,269.76,146.49,243.77,329.53,39.74,272.39,276.54,219.26,181.21,141.18,223.68,807.26,87.81
165,08/30/85,880.05,261.69,354.98,584.09,108.63,279.4,152.01,240.53,312.1,39.22,267.17,290.74,230.14,178.95,147.17,244.26,789.91,93.25
166,09/30/85,972.69,263.27,385.13,640.1,115.72,291.25,166.72,224.84,323.8,39.75,279.82,289.84,221.21,172.68,144.54,271.45,728.14,103.43
167,10/31/85,1002.61,278.91,445.24,632.64,119.21,291.04,198.21,228.29,347.93,43.41,303.44,330.17,244.16,179.91,157.05,312.75,798.25,107.28
168,11/29/85,1016.76,299.35,468.65,582.54,111.8,359.61,216.11,242.5,346.86,46.78,351.96,365.97,262.24,191.79,182.35,316.47,822.85,119.09
169,12/31/85,1076.1,312.83,457.44,510.15,113.07,377.23,218.79,242.81,373.65,48.06,380.22,402.69,250.67,201.05,199.9,367.07,842.13,126.59
170,01/31/86,1105.05,311.1,445.27,501.42,127.25,390.32,215.24,231.73,349.42,52.93,384.76,389.62,249.97,201.68,217.21,380.69,821.01,136.91
171,02/28/86,1237.31,324.5,455.04,512.09,119.73,418.77,271.66,233.92,385.63,66.72,430.42,411.77,278.86,216.31,256.05,401.02,825.51,179.09
172,03/31/86,1501.89,342.7,430.2,466.58,132.36,398.05,279.57,254.32,377.56,80.14,479.14,427.69,302.92,227.73,280.88,414.25,796.61,215.87
173,04/30/86,1558.09,366.04,424.37,443.13,145.97,484.83,310.41,258.44,405.42,91.21,533.66,458.71,319.71,223.91,315.52,469.92,899.61,240.69
174,05/30/86,1546.89,357.93,405.24,486.4,146.16,432.25,286.34,261.13,356.79,86.43,540.75,429.59,292.51,234.28,272.77,395.32,875.83,230.91
175,06/30/86,1703.04,374.84,442.07,570.77,129.83,448.8,304.82,255.54,363.33,85.13,569.66,452.09,314.91,236.68,288.43,410.76,850.74,208.7
176,07/31/86,1927.18,373.58,398.51,569.95,108.94,462.35,312.93,243.1,348.81,87.88,593.24,445.13,286.71,223.39,320.32,407.09,915.0,244.99
177,08/29/86,2101.38,417.6,451.89,640.58,116.31,491.42,336.57,252.46,354.18,99.3,607.09,503.26,303.64,239.24,354.07,478.9,945.78,278.73
178,09/30/86,2152.78,402.74,441.89,619.95,126.27,490.47,337.0,250.07,356.24,100.18,596.74,481.62,277.05,218.17,326.6,449.87,1020.96,251.84
179,10/31/86,1864.62,389.8,440.95,757.07,142.17,468.95,339.6,254.92,355.0,89.2,623.48,485.51,281.72,229.88,325.87,447.05,1147.43,259.59
180,11/28/86,1987.27,420.62,450.64,699.45,143.89,495.6,366.45,257.0,363.84,95.65,615.36,524.33,291.2,234.61,349.95,488.03,1186.97,256.2
181,12/31/86,2132.27,424.95,433.59,723.23,156.59,501.75,376.01,260.87,372.2,102.26,619.79,530.0,305.67,228.02,351.8,489.87,1267.78,260.71
182,01/30/87,2474.21,444.8,468.09,798.95,158.15,472.22,395.83,297.09,450.67,115.29,562.98,536.72,339.66,257.61,389.62,454.32,1275.93,262.94
183,02/27/87,2517.55,443.77,496.86,908.44,177.17,473.38,410.86,310.87,414.15,117.34,652.53,519.2,380.0,266.17,397.48,430.46,1447.4,254.57
184,03/31/87,2792.27,490.27,540.93,883.68,195.79,462.81,432.6,339.48,412.27,108.19,687.23,537.91,398.27,272.65,421.07,450.57,1374.38,266.23
185,04/30/87,3230.46,492.08,578.48,957.76,202.02,458.26,460.15,330.08,415.98,107.09,740.65,533.58,424.0,269.48,423.38,452.04,1324.86,288.75
186,05/29/87,3223.48,504.46,575.04,1048.36,208.35,425.26,438.29,327.86,421.04,109.29,698.33,512.58,447.13,270.29,399.33,436.76,1484.1,255.05
187,06/30/87,2983.67,540.89,590.85,1066.09,212.46,431.97,458.57,337.39,422.79,117.5,708.37,539.63,461.62,283.57,374.11,464.8,1618.9,250.96
188,07/31/87,2878.15,559.54,658.79,1177.62,236.08,498.05,490.82,365.35,415.19,136.37,754.13,575.76,470.32,296.34,382.1,482.78,1772.86,248.17
189,08/31/87,3235.74,559.33,730.13,1182.48,257.87,494.89,508.66,364.69,441.91,152.08,783.69,591.07,459.71,307.31,401.38,501.56,1848.15,233.41
190,09/30/87,3120.25,539.62,742.5,1162.94,266.95,516.04,480.07,358.92,417.43,152.25,808.64,599.6,482.38,300.03,375.69,480.26,1991.98,236.52
191,10/30/87,2884.97,443.75,534.53,681.12,147.59,466.76,387.88,279.12,385.38,120.51,665.78,492.87,377.53,235.64,305.98,395.09,1122.73,207.39
192,11/30/87,2999.02,409.62,443.55,686.67,161.76,473.64,382.76,271.5,408.69,128.25,592.4,465.45,359.46,215.0,300.88,356.27,1085.66,212.75
193,12/31/87,3036.61,439.81,449.35,729.35,167.14,503.91,392.12,291.25,414.42,135.7,622.17,473.26,402.14,229.41,299.03,362.62,1176.76,202.13
194,01/29/88,3198.94,431.21,442.13,785.96,156.47,435.12,406.0,286.69,413.43,140.14,682.08,444.92,398.47,238.5,253.0,317.93,1207.03,185.92
195,02/29/88,3439.3,447.71,478.11,768.08,157.56,435.83,506.49,305.0,430.31,141.45,706.64,471.09,395.96,247.73,305.61,367.94,1228.89,196.6
196,03/31/88,3697.22,463.92,540.47,810.23,184.4,454.84,524.59,318.19,436.74,154.17,755.04,462.74,413.75,238.69,286.82,366.97,1298.22,204.17
197,04/29/88,3734.42,474.38,559.35,854.63,195.44,460.12,526.57,322.64,436.89,153.59,775.56,459.05,423.64,240.11,311.04,360.25,1325.38,200.29
198,05/31/88,3564.44,446.56,529.96,873.4,224.12,436.09,500.27,310.02,474.46,155.31,795.11,443.58,410.27,241.39,331.09,355.44,1284.61,178.76
199,06/30/88,3428.9,446.99,536.71,952.04,216.36,423.84,505.69,335.49,473.4,154.65,755.67,447.65,395.77,251.85,334.29,355.59,1385.06,186.06
200,07/29/88,3584.89,458.77,532.85,973.45,229.21,434.65,478.02,328.5,468.21,149.34,773.12,438.63,398.5,250.29,324.6,358.14,1402.16,191.32
201,08/31/88,3312.92,436.64,476.96,886.98,222.49,439.46,474.15,310.66,444.54,141.79,729.01,427.84,370.5,241.11,313.57,355.0,1283.22,184.43
202,09/30/88,3454.39,444.47,498.94,884.91,214.9,445.87,517.95,316.63,483.02,141.19,771.92,441.77,387.47,250.63,343.58,380.72,1289.0,196.18
203,10/31/88,3741.39,475.94,533.21,920.97,229.29,499.24,561.58,326.41,550.97,152.31,840.15,488.03,416.99,257.53,382.25,420.28,1384.31,219.2
204,11/30/88,4072.53,473.32,571.41,920.6,223.77,508.53,575.47,324.26,577.14,153.01,863.9,496.14,420.26,252.76,389.27,417.04,1424.35,222.46
205,12/30/88,4094.58,484.07,628.05,956.72,221.31,497.01,582.29,332.75,622.42,149.55,907.69,494.28,411.48,256.1,405.23,428.93,1443.57,220.94
206,01/31/89,4105.42,490.37,708.09,1049.1,240.99,486.4,581.55,359.44,619.19,148.54,948.22,479.42,456.81,274.78,408.53,407.85,1641.45,214.62
207,02/28/89,4183.47,488.35,728.55,1046.03,204.21,513.59,566.81,347.28,608.48,143.93,978.91,488.13,443.7,265.73,399.31,407.71,1621.96,209.83
208,03/31/89,4036.09,503.19,779.72,1086.85,207.25,562.1,561.58,350.41,613.78,145.56,1003.26,483.22,445.27,270.88,403.13,399.45,1619.99,212.5
209,04/28/89,4028.27,524.32,844.25,1149.17,209.52,603.5,577.48,358.94,655.68,151.94,1010.28,497.3,450.28,284.75,418.67,418.78,1687.98,213.8
210,05/31/89,3798.92,498.24,799.8,1171.86,203.42,586.04,554.27,360.72,637.64,145.34,995.59,463.5,417.72,294.88,405.62,403.39,1489.96,203.36
211,06/30/89,3627.52,516.69,803.29,1179.96,204.88,619.18,557.01,368.53,731.53,146.49,1051.35,532.62,419.92,292.93,413.69,433.84,1215.81,223.61
212,07/31/89,4107.44,562.49,831.6,1246.42,222.27,664.3,583.74,396.21,793.17,153.31,1175.26,600.49,482.06,318.92,459.13,477.34,1373.51,247.08
213,08/31/89,3822.82,554.34,830.96,1208.87,240.37,777.18,569.47,401.58,711.72,156.18,1159.77,598.43,469.57,322.88,455.41,470.71,1325.15,252.31
214,09/29/89,4065.2,571.16,845.11,1228.45,239.41,885.35,617.1,394.38,728.95,162.84,1142.49,598.82,465.71,321.31,481.18,490.64,1484.03,250.12
215,10/31/89,3957.43,553.58,744.86,1183.62,228.75,815.63,591.52,393.62,771.35,154.9,1065.78,567.28,420.32,313.15,458.54,466.93,1468.38,229.96
216,11/30/89,4158.06,582.63,805.34,1246.01,222.64,797.89,631.98,396.78,832.08,153.9,1055.66,597.31,441.43,318.73,486.67,514.15,1475.43,241.18
217,12/29/89,4149.24,636.0,902.83,1341.7,233.61,999.59,662.22,403.86,885.39,159.21,1179.77,615.13,484.62,325.03,543.9,617.22,1492.0,259.27
218,01/31/90,3898.43,610.3,995.06,1381.97,231.13,1196.58,635.22,365.84,909.74,149.46,1173.14,612.74,486.43,303.04,515.6,634.84,1441.0,257.84
219,02/28/90,3494.19,590.18,1066.61,1410.37,214.5,1429.63,575.27,365.72,908.35,144.9,1117.71,613.18,471.72,306.64,501.81,621.17,1551.69,245.43
220,03/30/90,2815.5,614.72,1076.65,1372.21,208.42,1453.42,625.0,368.09,951.94,132.19,1072.83,590.39,456.67,312.99,533.78,680.25,1580.45,254.62
221,04/30/90,2849.92,593.83,1008.45,1258.81,193.69,1266.08,618.46,339.64,889.19,145.96,1099.37,581.72,425.92,305.7,564.6,632.64,1562.45,260.76
222,05/31/90,3256.63,616.42,1102.78,1406.49,210.73,1240.13,631.61,363.72,938.62,152.86,1241.57,677.49,487.86,333.04,575.19,639.34,1674.41,276.81
223,06/29/90,3103.42,622.04,1069.69,1406.56,219.06,1341.18,633.78,361.49,947.1,164.08,1308.47,688.53,515.28,330.9,565.83,666.0,1738.81,281.71
224,07/31/90,3060.31,652.52,1191.83,1490.74,228.81,1505.89,666.69,368.03,1018.81,170.71,1365.34,698.12,535.8,329.49,570.14,713.5,1824.78,283.65
225,08/31/90,2761.28,600.52,1121.45,1268.86,224.43,1239.9,602.83,348.37,946.68,149.56,1183.1,622.01,505.54,298.43,496.61,606.57,1611.9,242.42
226,09/28/90,2308.08,569.53,1018.34,1065.86,210.87,949.7,542.59,332.01,863.3,121.38,927.47,547.85,458.91,283.67,443.38,498.51,1427.63,213.08
227,10/31/90,2866.25,592.16,974.14,1148.52,190.65,1057.0,585.31,320.88,940.73,138.35,970.77,580.0,494.18,281.87,491.36,562.01,1545.98,222.34
228,11/30/90,2520.48,595.7,968.7,1106.74,190.23,1057.13,567.11,328.64,897.59,135.25,893.67,567.29,519.26,299.46,485.38,572.31,1535.48,199.44
229,12/31/90,2637.6,593.79,895.82,1165.79,184.61,1052.04,567.91,341.94,867.46,132.02,915.32,567.2,513.63,306.85,461.02,550.72,1546.93,205.25
230,01/31/91,2711.21,590.08,842.96,1208.38,194.56,1010.65,573.83,341.0,891.22,140.69,1057.36,597.87,531.26,320.55,478.08,564.67,1657.92,199.28
231,02/28/91,3051.75,633.05,918.23,1366.0,208.07,1169.43,634.34,362.9,980.59,157.89,1138.29,637.47,572.56,341.79,522.83,603.34,1818.61,228.6
232,03/29/91,2860.69,604.13,860.0,1373.57,210.51,1051.51,589.72,361.43,891.44,154.19,1092.29,605.72,540.85,349.2,483.89,521.64,1923.69,206.59
233,04/30/91,2930.59,616.71,804.31,1390.56,226.47,1065.59,569.94,364.55,860.07,146.35,1025.07,606.5,532.18,349.64,469.94,538.95,1866.11,201.17
234,05/31/91,2915.75,623.76,880.48,1406.75,219.12,1044.72,566.73,376.75,892.87,153.37,1103.93,630.41,534.06,363.25,487.11,572.95,1939.65,212.25
235,06/28/91,2704.53,583.95,787.93,1360.29,221.14,931.15,533.26,366.68,883.48,138.33,1067.95,569.85,487.44,345.68,439.81,518.72,1926.33,193.03
236,07/31/91,2786.75,618.15,833.62,1365.45,234.23,924.36,543.1,371.75,944.67,139.52,1110.96,603.76,542.8,360.94,458.02,535.26,2100.82,194.5
237,08/30/91,2631.42,612.95,861.02,1310.95,231.9,922.37,540.4,375.27,944.14,143.61,1094.7,602.54,555.09,368.75,485.6,541.3,2096.13,188.35
238,09/30/91,2859.79,625.13,840.73,1285.81,239.95,952.36,546.94,364.7,975.01,151.95,1060.63,608.26,574.37,361.55,513.74,552.26,2060.15,188.28
239,10/31/91,2981.87,630.49,776.43,1318.72,251.67,822.79,555.58,380.12,965.48,147.25,1033.21,606.3,558.12,366.84,504.92,538.7,2084.99,180.18
240,11/29/91,2769.8,631.63,654.53,1350.41,238.39,897.19,560.17,369.87,945.27,138.45,978.34,599.28,530.03,351.07,491.3,546.43,2137.83,189.05
241,12/31/91,2855.85,676.52,745.82,1430.99,238.34,911.49,620.95,370.32,1000.43,147.32,1025.97,646.37,573.47,390.21,533.77,585.45,2208.63,196.83
242,01/31/92,2721.99,673.4,760.13,1469.0,231.24,936.71,618.21,374.51,986.74,146.19,1023.66,650.41,565.95,382.76,534.63,588.57,2405.82,201.58
243,02/28/92,2493.21,673.5,686.43,1462.07,232.28,996.24,616.04,370.69,928.88,151.22,995.6,654.01,557.85,386.19,555.4,602.38,2596.11,198.37
244,03/31/92,2221.47,661.39,730.14,1403.12,233.3,940.79,602.65,349.59,857.55,143.83,1039.15,642.65,524.53,378.11,548.12,588.35,2588.53,186.62
245,04/30/92,2083.28,689.62,768.73,1430.42,240.94,903.48,609.05,344.16,857.44,140.32,1027.93,649.47,585.51,388.2,575.71,584.83,2784.62,188.51
246,05/29/92,2248.44,717.14,813.41,1467.83,244.26,935.2,624.37,345.23,962.79,153.82,1090.02,697.8,617.12,388.82,599.29,621.03,3180.49,191.75
247,06/30/92,2041.33,721.61,751.72,1451.36,235.46,950.11,632.23,345.65,913.08,143.67,1050.91,719.31,591.87,381.91,589.92,630.97,3216.29,185.09
248,07/31/92,2016.46,720.94,729.47,1453.39,229.53,857.23,647.32,352.75,908.47,132.31,1020.83,731.48,567.76,396.86,564.37,595.51,3062.65,169.75
249,08/31/92,2372.13,738.01,641.27,1395.9,210.94,835.52,625.78,344.36,841.43,127.5,957.32,746.24,564.42,386.37,568.69,594.12,2916.48,170.8
250,09/30/92,2313.66,751.98,615.19,1422.75,201.47,887.28,647.96,318.23,793.06,111.25,848.91,805.19,552.54,389.59,585.75,570.07,2886.92,138.5
251,10/30/92,2204.66,677.71,579.9,1456.54,188.68,836.32,609.62,325.51,719.55,104.28,770.88,731.32,506.89,390.98,536.35,529.54,3244.06,162.24
252,11/30/92,2260.1,664.14,579.43,1501.08,189.6,782.8,596.64,310.19,714.58,110.35,877.7,700.06,511.83,403.0,526.52,525.37,2991.65,152.39
253,12/31/92,2225.16,669.84,570.97,1493.86,206.8,802.49,587.95,317.68,708.47,110.69,857.6,747.07,531.98,406.46,539.27,516.11,2814.25,149.57
254,01/29/93,2216.38,682.88,593.84,1518.5,199.75,794.65,617.27,310.92,802.09,119.86,817.1,738.55,518.92,409.07,524.6,532.15,2924.95,163.01
255,02/26/93,2310.72,702.69,590.09,1542.94,214.64,839.32,617.13,327.56,765.36,118.48,846.24,730.41,504.89,413.48,569.38,558.75,3216.57,164.35
256,03/31/93,2634.12,745.62,656.18,1540.18,222.61,822.61,668.88,335.68,774.5,125.51,853.97,776.52,540.43,421.03,594.71,573.77,3217.82,150.54
257,04/30/93,3100.61,740.44,688.12,1656.91,223.57,812.88,649.0,346.82,812.93,125.89,937.26,796.25,554.89,410.77,585.34,565.06,3454.09,182.76
258,05/31/93,3184.27,753.67,678.99,1707.28,219.17,828.36,637.17,351.16,829.62,123.0,1034.76,855.57,557.37,420.29,569.36,562.75,3741.76,187.41
259,06/30/93,3138.35,745.95,649.79,1644.55,213.76,825.51,640.99,348.01,839.68,122.16,962.17,855.18,550.13,420.62,560.1,543.4,3598.85,182.9
260,07/30/93,3335.34,745.04,675.4,1653.11,234.3,859.83,624.96,344.84,808.18,114.3,987.61,851.2,547.09,419.19,566.24,560.67,3522.34,185.61
261,08/31/93,3406.32,818.56,739.1,1867.93,243.77,951.44,627.55,346.75,844.1,138.74,1078.9,909.68,584.08,433.35,614.71,622.42,3769.06,208.19
262,09/30/93,3242.65,820.06,724.22,1948.86,237.19,928.42,632.4,329.07,873.26,134.58,1094.86,939.28,575.9,428.11,608.46,632.11,3837.57,195.34
263,10/29/93,3226.18,866.61,805.62,2050.05,263.55,995.25,655.02,359.25,908.65,142.57,1196.81,990.96,597.01,434.66,612.99,668.98,4718.86,188.15
264,11/30/93,2689.09,838.12,747.17,2025.06,246.58,946.99,663.52,350.39,880.67,128.99,1053.24,996.43,598.2,430.75,593.13,652.4,4641.76,168.23
265,12/31/93,2772.78,880.97,801.07,2471.8,273.0,1016.71,702.12,365.71,932.93,139.13,1162.58,1076.4,641.46,434.98,641.69,689.59,5907.27,189.4
266,01/31/94,3218.81,919.71,905.25,2409.88,301.7,1035.81,731.66,388.19,1012.91,155.96,1361.99,1174.64,668.72,449.82,665.98,668.73,5675.34,207.59
267,02/28/94,3364.27,900.31,932.29,2400.47,285.82,1021.78,726.25,368.67,1015.97,148.22,1296.83,1104.59,634.13,436.2,652.59,655.47,5070.29,205.74
268,03/31/94,3218.66,868.71,862.91,2167.14,264.34,979.48,714.43,352.11,1001.12,141.17,1215.53,1090.47,590.14,416.33,622.08,677.44,4512.76,238.81
269,04/29/94,3354.16,915.36,865.85,2376.91,273.39,967.33,752.58,347.6,1017.66,144.24,1314.04,1074.0,610.01,421.3,648.82,717.32,4520.3,263.37
270,05/31/94,3425.99,884.89,875.88,2391.65,285.88,940.41,734.62,351.22,939.51,143.76,1294.95,1074.28,576.52,427.35,617.5,675.16,4821.08,242.7
271,06/30/94,3593.28,874.84,834.08,2340.15,270.61,1010.93,721.67,327.89,981.2,135.49,1226.39,1083.56,576.88,414.39,592.8,676.39,4418.59,226.55
272,07/29/94,3462.58,926.29,936.49,2397.36,283.8,984.22,753.51,342.41,1028.83,143.27,1306.97,1057.3,606.25,427.44,650.55,708.93,4759.53,238.44
273,08/31/94,3484.5,957.29,936.52,2514.52,296.67,1020.54,762.1,361.19,955.63,141.33,1299.71,1100.34,639.3,443.32,653.13,734.21,5017.47,233.47
274,09/30/94,3396.81,928.51,878.7,2618.86,280.14,968.98,718.08,368.63,957.08,136.9,1302.78,1091.79,608.08,433.0,608.08,689.87,4791.81,233.35
275,10/31/94,3488.24,988.7,927.41,2742.0,287.25,936.48,743.01,363.41,974.79,140.57,1426.17,1100.87,641.68,442.0,628.89,727.55,4815.49,220.82
276,11/30/94,3311.03,936.32,910.6,2586.96,275.74,918.66,728.3,342.66,933.93,137.81,1386.07,1076.25,612.1,425.96,621.33,688.56,4218.1,205.34
277,12/30/94,3347.37,959.3,977.99,2604.21,281.0,944.94,736.46,347.91,957.66,128.85,1363.34,1101.84,611.08,431.26,599.19,712.57,4075.77,209.06
278,01/31/95,3150.47,968.54,985.89,2394.96,263.42,909.06,730.74,329.55,969.98,127.37,1369.93,1091.58,600.05,442.21,584.32,698.27,3584.73,223.02
279,02/28/95,2996.6,993.67,948.72,2486.56,271.2,953.61,750.71,347.09,997.52,130.18,1391.86,1155.57,601.72,458.69,593.22,756.63,4121.78,202.76
280,03/31/95,3270.42,1041.39,933.82,2541.11,267.81,958.9,794.61,361.23,990.98,127.16,1367.91,1228.24,645.21,470.04,670.4,738.36,4214.08,190.99
281,04/28/95,3428.05,1074.0,1010.7,2573.75,285.27,952.82,843.85,366.91,1037.68,137.33,1490.52,1250.25,652.41,483.84,676.21,768.71,4081.94,210.38
282,05/31/95,3213.47,1085.08,993.69,2738.0,278.15,1004.55,839.24,381.55,1080.95,143.45,1510.6,1307.51,665.72,501.77,682.8,774.18,4606.12,210.91
283,06/30/95,3057.96,1093.86,1040.34,2601.89,274.42,1016.82,838.32,387.47,1062.58,145.21,1575.97,1344.45,664.58,513.16,670.35,795.12,4518.51,204.48
284,07/31/95,3299.46,1153.4,1086.01,2652.77,299.33,1021.99,863.51,393.72,1136.12,155.47,1683.7,1356.67,699.82,529.62,699.93,841.25,4596.78,220.29
285,08/31/95,3165.12,1081.85,1022.09,2520.61,304.23,943.72,812.85,393.35,1075.42,149.92,1636.99,1322.03,681.44,528.69,654.42,794.88,4431.31,214.83
286,09/29/95,3190.28,1131.63,1057.5,2505.25,301.64,947.3,839.93,390.9,1091.78,149.81,1861.21,1435.12,700.14,551.43,641.11,804.9,4683.15,212.5
287,10/31/95,3010.22,1112.48,1004.96,2496.25,293.45,901.98,839.7,386.96,1093.25,144.76,1779.86,1493.98,697.47,550.19,649.99,794.14,4679.73,202.13
288,11/30/95,3186.76,1145.23,998.25,2550.66,298.83,869.16,851.57,400.73,1097.61,155.44,1838.83,1511.46,699.79,573.39,645.84,794.76,4678.9,190.61
289,12/29/95,3348.07,1192.36,1022.63,2735.24,304.24,890.36,896.95,403.87,1123.57,162.3,1795.65,1569.26,716.42,581.07,672.15,818.12,4818.41,208.62
290,01/31/96,3302.53,1197.05,1002.55,2878.18,312.69,941.14,914.49,424.19,1159.55,163.29,1750.25,1473.53,713.48,600.8,698.53,852.5,5425.84,217.84
291,02/29/96,3242.15,1220.72,1033.33,2905.76,321.88,936.51,902.29,419.78,1174.15,173.79,1919.03,1537.65,717.36,606.04,705.74,859.1,5351.57,215.47
292,03/29/96,3355.0,1254.12,1051.31,2858.6,319.71,927.85,878.43,427.35,1143.72,170.89,1961.22,1670.84,711.45,611.16,725.83,854.79,5342.4,206.72
293,04/30/96,3544.15,1257.11,1113.1,2874.9,334.67,932.96,898.78,444.31,1134.74,177.1,1937.43,1604.03,723.38,619.16,738.03,822.67,5340.5,234.67
294,05/31/96,3360.21,1312.77,1124.62,2729.38,331.32,982.9,910.91,450.68,1137.01,175.35,2021.12,1548.77,729.81,634.65,728.92,833.49,5486.39,233.04
295,06/28/96,3376.47,1313.22,1125.56,2630.64,319.65,921.95,912.8,437.67,1165.68,182.33,2045.66,1624.29,723.49,637.35,741.09,849.53,5344.81,233.61
296,07/31/96,3223.71,1289.72,1071.75,2427.48,303.94,900.75,920.67,423.62,1182.61,173.59,1959.14,1590.01,726.46,608.26,719.46,850.95,5087.0,216.0
297,08/30/96,3078.09,1308.76,1098.92,2480.01,322.67,908.31,926.94,441.89,1224.77,176.91,2087.53,1657.49,761.97,620.83,703.64,869.57,5238.61,213.98
298,09/30/96,3183.24,1339.43,1103.8,2473.19,322.25,881.03,936.42,458.75,1219.91,180.87,2171.64,1616.07,777.47,654.55,741.49,874.28,5581.12,227.36
299,10/31/96,2968.19,1370.31,1143.56,2386.9,333.88,886.21,947.89,493.99,1259.01,186.13,2263.82,1609.88,812.14,670.24,756.22,881.3,5800.92,214.47
300,11/29/96,3023.33,1453.29,1225.29,2474.06,346.78,906.19,973.81,529.26,1288.73,201.44,2413.53,1622.17,856.14,719.85,795.38,915.28,6260.85,231.09
301,12/31/96,2812.89,1484.94,1296.38,2515.19,345.06,919.2,975.53,510.34,1348.65,221.47,2430.94,1588.68,883.48,705.16,802.27,917.18,6213.25,231.25
302,01/31/97,2505.34,1470.59,1362.89,2566.07,330.34,881.17,996.9,534.74,1402.76,217.38,2485.12,1634.93,855.35,752.4,819.42,912.33,6064.61,255.47
303,02/28/97,2562.47,1527.81,1298.44,2536.18,339.17,882.67,1010.11,529.82,1392.82,209.31,2472.24,1654.12,879.88,756.64,822.72,949.13,6039.5,228.1
304,03/31/97,2476.68,1562.0,1335.59,2339.93,337.24,891.51,1022.64,502.55,1434.79,217.39,2586.09,1748.97,886.88,721.7,847.2,1017.87,5623.37,233.47
305,04/30/97,2565.18,1543.56,1273.33,2213.66,345.67,853.86,1030.8,513.68,1390.17,229.67,2367.24,1790.1,900.93,768.16,811.82,980.25,5699.64,236.44
306,05/30/97,2847.0,1639.32,1324.2,2354.39,351.28,899.04,1053.69,555.94,1493.69,247.01,2549.68,1922.4,939.8,810.58,804.2,1020.77,6403.86,233.47
307,06/30/97,3058.29,1765.45,1358.85,2311.94,362.07,888.85,1073.45,565.05,1523.25,264.68,2768.94,2077.92,950.5,846.46,870.18,1064.78,6715.84,255.26
308,07/31/97,2963.69,1907.4,1376.8,2249.38,358.58,943.13,1086.75,601.14,1620.2,249.54,2895.74,2107.77,992.63,912.32,884.39,1167.92,7119.53,269.68
309,08/29/97,2705.25,1716.91,1381.39,2053.11,333.25,884.33,1003.67,568.78,1538.65,244.04,2736.08,1910.67,974.04,857.1,816.45,1051.34,6170.18,262.3
310,09/30/97,2662.95,1865.11,1530.86,2129.27,348.56,948.73,1059.89,601.27,1714.67,278.69,3060.33,2105.05,1056.17,900.78,902.0,1131.25,6544.84,299.97
311,10/31/97,2413.48,1781.44,1482.74,1719.47,300.86,925.97,1051.01,572.18,1637.94,251.53,2750.59,2090.89,1013.64,875.15,840.76,1051.13,4639.2,281.5
312,11/28/97,2264.01,1763.85,1379.93,1873.61,293.86,862.51,1059.42,554.13,1654.98,266.16,2812.01,2155.11,1016.16,916.45,857.7,1086.53,4560.52,288.15
313,12/31/97,2133.16,1805.39,1358.22,1733.47,301.74,922.15,1081.16,567.47,1794.12,272.58,2713.37,2274.2,1052.09,928.91,887.08,1130.58,4609.39,308.99
314,01/30/98,2322.14,1819.9,1251.07,1420.59,321.06,952.46,1119.61,556.67,1798.69,294.05,2780.63,2359.57,1100.8,939.78,917.85,1163.63,3950.76,336.85
315,02/27/98,2332.9,2003.16,1280.8,1785.21,326.07,1019.34,1171.26,603.21,1840.75,331.36,3039.51,2582.19,1174.68,1004.61,994.09,1236.71,4716.61,350.75
316,03/31/98,2172.91,2063.91,1386.34,1766.24,326.47,1069.68,1267.76,647.98,2056.98,375.07,3249.91,2636.36,1234.22,1055.59,1103.88,1318.83,4602.63,419.34
317,04/30/98,2162.82,2131.85,1460.11,1650.37,321.04,1160.12,1352.36,650.42,1968.57,385.91,3407.12,2620.98,1234.39,1066.85,1138.77,1366.5,4099.86,410.43
318,05/29/98,2042.73,2240.99,1341.85,1360.23,302.0,1225.17,1432.13,641.87,2021.91,388.49,3507.66,2731.57,1186.36,1044.33,1196.9,1475.09,3524.36,431.33
319,06/30/98,2070.19,2199.91,1294.14,1185.0,302.08,1135.88,1534.76,615.34,1975.75,389.59,3482.59,2730.35,1202.18,1088.09,1223.86,1535.81,3321.43,409.55
320,07/31/98,2041.75,2210.21,1312.41,1171.32,299.64,1152.78,1608.76,570.92,2033.08,411.36,3463.45,2928.26,1175.71,1076.18,1235.26,1571.33,3059.23,450.22
321,08/31/98,1807.72,1935.44,946.3,937.75,258.54,948.14,1487.36,445.82,1803.08,321.9,2930.67,2467.86,1088.06,925.24,1092.67,1312.09,2839.08,386.08
322,09/30/98,1757.12,1819.31,907.24,1059.61,275.11,846.96,1455.64,456.69,1721.08,315.06,2672.24,2251.9,1063.4,984.89,1019.96,1293.78,3290.27,368.0
323,10/30/98,2050.34,1919.41,1058.06,1308.54,298.18,950.18,1555.12,502.29,1850.34,365.53,2839.74,2576.74,1125.77,1059.96,1124.19,1346.64,4369.77,391.52
324,11/30/98,2142.74,2016.73,984.56,1500.59,316.17,900.54,1603.32,520.09,1759.82,390.8,3106.42,2702.01,1173.64,1130.79,1193.71,1415.13,4348.67,431.52
325,12/31/98,2224.19,2186.92,934.27,1480.0,313.19,913.81,1782.17,525.26,1934.4,403.07,3055.78,2787.6,1208.25,1196.34,1241.95,1449.01,4259.02,466.53
326,01/29/99,2238.89,2019.86,1029.51,1484.28,331.5,858.04,1723.45,568.12,1864.34,395.85,3233.11,2720.39,1193.3,1246.75,1276.94,1471.83,3961.86,441.74
327,02/26/99,2188.37,2003.21,933.93,1464.11,322.52,904.55,1643.5,535.06,1702.04,387.92,3151.81,2629.95,1217.36,1210.63,1192.22,1348.99,3987.74,434.87
328,03/31/99,2490.51,2021.17,1024.15,1624.88,335.49,900.81,1547.71,556.43,1671.15,373.19,3210.6,2598.77,1252.85,1259.66,1213.22,1311.05,4498.78,451.25
329,04/30/99,2593.1,2147.36,1104.54,2009.14,369.24,938.09,1495.45,612.35,1790.74,374.55,3389.02,2590.11,1298.89,1303.92,1243.94,1394.82,5490.05,437.26
330,05/31/99,2445.67,2021.86,1041.6,2037.4,338.29,819.69,1410.14,594.83,1739.13,372.82,3313.17,2457.38,1224.52,1272.25,1213.93,1308.68,5038.28,413.34
331,06/30/99,2675.89,2025.17,1022.14,2357.5,354.49,855.24,1424.57,618.93,1756.84,374.27,3628.64,2415.28,1225.23,1339.36,1249.41,1380.08,5508.07,403.42
332,07/30/99,2941.69,2087.68,1064.7,2387.96,353.62,859.08,1437.57,622.72,1878.25,357.47,3771.2,2508.58,1241.22,1294.61,1255.01,1356.62,5318.72,389.98
333,08/31/99,2919.73,2133.49,1105.94,2378.44,333.09,859.26,1508.0,611.97,1882.32,365.95,3750.41,2503.82,1233.83,1285.06,1299.55,1378.78,5355.05,398.15
334,09/30/99,3095.5,2053.36,1128.42,2337.14,333.8,812.86,1460.08,628.97,1937.84,360.3,3722.74,2496.0,1211.23,1245.59,1311.85,1358.86,5128.51,405.8
335,10/29/99,3226.8,2121.38,1072.03,2456.88,325.43,801.87,1451.45,670.6,1961.29,364.07,4146.43,2539.61,1243.97,1325.74,1383.09,1431.06,5384.42,392.85
336,11/30/99,3363.73,2105.34,1097.3,2605.64,342.07,764.94,1406.68,696.92,2026.89,395.02,4587.96,2518.34,1256.72,1352.84,1427.72,1469.5,6070.81,401.76
337,12/31/99,3571.06,2301.72,1210.03,2916.73,360.75,818.12,1501.1,797.24,2144.32,417.28,5432.06,2569.87,1325.94,1445.86,1589.67,1719.94,6595.12,459.62
338,01/31/00,3415.04,2024.53,1111.87,2526.64,347.16,745.37,1218.66,798.99,2027.45,384.48,5468.39,2285.79,1201.99,1367.1,1483.54,1658.92,6081.48,435.6
339,02/29/00,3325.18,2151.34,1111.73,2297.49,338.4,709.63,1164.29,845.98,2100.03,422.5,6715.86,2233.2,1161.52,1333.28,1615.59,1830.85,6425.88,488.47
340,03/31/00,3597.97,2211.87,1119.03,2298.14,334.88,726.48,1164.51,920.88,2292.25,421.34,6382.73,2411.9,1244.59,1465.05,1632.29,1800.05,6584.86,457.23
341,04/28/00,3326.08,2135.66,1051.49,2434.14,325.3,687.51,1129.7,886.39,2081.76,390.55,6313.57,2327.45,1190.26,1416.34,1577.62,1642.92,5954.68,426.81
342,05/31/00,3155.43,2190.69,1093.31,1977.05,313.2,710.81,1170.07,869.02,2221.22,378.54,6030.94,2453.48,1147.79,1377.57,1619.08,1590.48,5261.08,444.93
343,06/30/00,3370.97,2309.67,1182.23,2241.84,357.34,733.83,1246.63,977.55,2216.83,388.63,5929.52,2545.79,1156.19,1409.31,1679.33,1584.31,5656.77,474.55
344,07/31/00,2981.43,2206.79,1168.39,2240.66,335.01,732.6,1258.95,1006.55,2261.93,378.07,5715.63,2551.94,1161.99,1382.78,1651.06,1576.88,6027.26,454.06
345,08/31/00,3173.09,2200.75,1237.0,2315.07,337.95,711.24,1235.64,1094.33,2391.87,370.29,5642.8,2492.61,1172.28,1453.35,1609.82,1502.95,6070.52,447.57
346,09/29/00,3014.06,2113.36,1210.11,2116.53,322.52,713.81,1183.43,983.1,2345.0,373.66,4902.43,2353.43,1138.09,1373.02,1506.33,1423.0,5562.65,420.99
347,10/31/00,2837.89,2093.7,1176.33,2112.4,301.21,674.03,1164.24,896.48,2236.38,345.87,4568.89,2371.94,1144.11,1361.95,1469.42,1431.97,5178.46,430.45
348,11/30/00,2718.62,2073.88,1132.3,2070.99,307.35,647.42,1122.53,815.41,2124.42,320.43,4116.25,2469.38,1074.83,1253.1,1400.21,1325.33,4985.2,438.26
349,12/29/00,2551.96,2177.16,1180.94,2081.09,317.65,708.28,1221.93,832.47,2201.3,347.07,4240.38,2695.26,1146.25,1249.86,1509.45,1436.41,5475.33,447.22
350,01/31/01,2521.46,2162.45,1201.82,2082.42,330.48,729.22,1190.02,872.67,2459.56,378.55,4570.12,2638.19,1127.01,1294.4,1512.39,1490.01,5634.5,455.03
351,02/28/01,2407.82,2021.96,1182.07,2033.78,314.61,776.6,1191.42,732.98,2237.13,357.1,3826.39,2463.96,1048.94,1177.2,1342.93,1367.09,5505.78,409.33
352,03/30/01,2328.85,1837.78,1088.58,1690.6,280.11,738.33,1084.09,664.8,2012.12,337.2,2966.41,2215.94,996.83,1101.1,1249.44,1223.46,4904.52,383.55
353,04/30/01,2486.62,1961.81,1163.41,1706.56,312.96,755.59,1069.84,711.91,2049.82,353.05,3374.65,2260.93,1057.95,1185.82,1361.75,1303.01,4877.29,402.68
354,05/31/01,2480.59,1870.31,1140.37,1623.39,314.58,696.62,1004.98,724.23,2046.03,329.19,3187.14,2229.93,1020.72,1191.16,1265.64,1212.66,4786.72,365.84
355,06/29/01,2332.52,1826.04,1100.62,1648.13,323.47,680.02,1029.23,695.27,2010.6,305.61,3009.95,2139.88,984.62,1163.14,1213.47,1203.11,4527.57,347.55
356,07/31/01,2158.67,1810.27,1090.03,1625.41,306.78,729.28,1096.93,691.69,2079.6,302.34,3036.44,2119.24,985.17,1151.13,1218.92,1207.59,4516.54,354.99
357,08/31/01,2104.58,1789.96,1074.23,1637.17,307.56,732.82,1118.79,653.15,1965.77,307.57,2864.91,2111.36,971.07,1073.0,1177.24,1121.53,4185.61,351.35
358,09/28/01,1902.16,1550.6,914.39,1299.71,267.85,663.76,1011.88,591.3,1792.4,272.53,2402.67,2013.92,905.38,989.92,1039.64,939.33,3534.72,302.94
359,10/31/01,1898.39,1555.42,926.92,1311.32,291.09,618.2,977.84,591.49,1828.33,284.18,2585.65,2018.41,921.98,1003.34,1091.76,980.64,3644.05,312.61
360,11/30/01,1919.07,1623.7,971.5,1410.12,312.36,648.71,1009.45,645.06,1848.42,303.15,2964.1,2062.36,940.17,1078.99,1123.95,1066.72,4105.54,318.32
361,12/31/01,1789.26,1664.95,1018.03,1560.38,315.8,655.6,1062.76,654.21,1850.36,302.7,3046.86,2103.99,962.03,1084.54,1159.6,1099.3,4314.4,322.44
362,01/31/02,1649.09,1600.03,979.13,1748.58,316.65,657.92,1005.35,648.83,1751.92,278.34,2756.64,1987.22,921.0,1068.13,1085.81,1047.98,4237.89,311.0
363,02/28/02,1717.25,1604.39,1016.08,1680.64,317.75,677.13,994.53,641.33,1793.96,282.3,2815.42,2044.6,912.69,1045.6,1095.06,1034.16,4071.09,310.28
364,03/29/02,1809.05,1743.97,1101.11,1765.43,327.24,723.32,1018.06,663.2,1847.74,288.11,2923.03,2170.34,949.98,1083.67,1153.03,1116.15,4296.07,330.01
365,04/30/02,1914.35,1727.1,1100.24,1710.62,322.98,775.13,1061.06,657.64,1773.16,295.29,2600.45,2222.47,951.54,1012.51,1133.8,1079.8,4515.76,330.96
366,05/31/02,2033.6,1725.41,1114.38,1668.29,342.83,769.8,1069.79,670.96,1813.3,296.6,2562.35,2302.69,933.78,1003.4,1129.31,1061.47,4294.63,320.51
367,06/28/02,1927.33,1672.26,1082.57,1562.02,324.63,778.67,1044.25,631.75,1835.27,269.28,2495.96,2211.05,892.72,925.68,1093.49,1028.17,4034.87,318.84
368,07/31/02,1793.4,1374.91,973.29,1529.27,300.3,703.9,901.92,560.11,1601.18,239.59,2130.91,1945.23,831.27,858.15,945.48,858.09,3868.03,286.55
369,08/30/02,1774.16,1387.17,955.38,1519.92,306.49,703.13,907.94,566.38,1652.65,249.84,2119.57,1942.63,817.63,860.89,930.47,861.81,3663.33,290.56
370,09/30/02,1689.93,1140.04,832.27,1342.65,288.1,661.35,757.21,519.81,1429.89,209.4,1761.05,1814.86,731.57,762.56,787.78,651.95,3388.02,250.51
371,10/31/02,1572.13,1287.39,874.0,1471.27,303.08,671.12,822.04,534.96,1469.08,239.92,2044.85,1876.45,787.77,830.63,890.14,743.09,3502.39,271.29
372,11/29/02,1634.94,1363.21,947.85,1392.88,309.81,669.49,856.22,565.58,1528.73,263.77,2339.52,1923.39,809.49,879.1,927.75,785.2,3703.62,296.53
373,12/31/02,1593.17,1289.88,926.22,1356.18,303.92,749.76,880.45,560.1,1535.18,251.6,2088.07,1873.64,791.08,824.58,902.08,724.93,3424.29,290.19
374,01/31/03,1528.49,1209.04,873.64,1296.85,309.37,764.74,831.63,575.13,1467.82,253.17,2059.35,1809.63,734.77,803.6,871.91,705.34,3443.71,285.79
375,02/28/03,1537.13,1119.74,787.27,1283.43,304.12,775.87,736.43,594.26,1401.49,256.21,2046.65,1713.8,719.02,789.8,829.19,656.19,3399.5,294.67
376,03/31/03,1460.74,1085.43,791.74,1264.23,313.2,788.26,728.31,585.34,1509.99,254.12,1995.93,1698.03,712.97,796.08,798.36,631.36,3205.01,271.43
377,04/30/03,1449.22,1209.86,906.38,1268.79,337.9,846.59,856.06,622.06,1693.52,289.49,2361.72,1876.65,784.6,861.54,920.52,772.72,3178.09,308.01
378,05/30/03,1518.86,1279.64,983.88,1374.39,348.55,880.28,918.6,674.24,1810.02,302.85,2456.74,1989.41,830.19,906.16,976.24,816.71,3401.82,340.24
379,06/30/03,1630.44,1289.41,983.66,1452.82,360.31,908.14,911.12,690.75,1802.29,312.4,2473.11,1986.76,835.79,916.09,985.84,855.32,3446.04,329.32
380,07/31/03,1696.57,1339.32,1045.75,1559.13,359.1,900.4,932.11,692.5,1765.83,315.16,2631.29,2065.03,839.74,931.84,1003.09,905.97,3664.65,328.47
381,08/29/03,1875.1,1359.91,1063.84,1611.88,366.6,896.09,916.61,727.48,1921.6,309.93,2676.22,2046.17,828.2,947.8,1010.44,890.83,4099.03,317.83
382,09/30/03,1979.76,1341.75,1054.01,1658.28,379.08,948.03,972.55,739.09,1993.97,308.74,2766.05,2134.42,855.78,935.57,1014.76,884.31,4311.16,330.02
383,10/31/03,2070.23,1421.47,1187.68,1755.97,410.97,1000.07,1019.09,788.1,2120.78,328.49,3002.69,2181.82,912.83,987.49,1084.12,989.6,4490.54,346.16
384,11/28/03,2006.1,1471.37,1240.31,1742.38,407.03,1073.28,1054.97,810.52,2110.86,344.3,3106.94,2298.19,936.41,995.4,1140.1,1042.22,4453.98,373.79
385,12/31/03,2144.38,1606.51,1332.32,1820.2,441.07,1158.49,1150.63,853.24,2252.29,388.12,3360.92,2480.38,1006.08,1045.41,1243.05,1160.93,4536.12,391.24
386,01/30/04,2183.12,1599.74,1342.65,1911.06,440.4,1260.19,1202.27,861.41,2354.96,390.38,3487.92,2545.18,1002.61,1063.19,1252.33,1171.39,4978.04,399.22
387,02/27/04,2176.27,1624.94,1480.61,1932.23,459.25,1291.46,1253.62,879.25,2491.8,405.3,3669.93,2553.31,1045.23,1074.31,1284.19,1161.67,5137.93,403.6
388,03/31/04,2458.03,1541.44,1464.05,1923.23,463.95,1349.41,1185.8,873.76,2363.91,388.14,3593.2,2489.67,1012.41,1055.86,1238.46,1106.62,4809.83,389.78
389,04/30/04,2324.28,1517.08,1405.13,1884.11,436.06,1355.95,1188.9,800.21,2323.58,383.25,3540.59,2503.79,1003.32,1038.46,1223.0,1102.59,4560.27,394.96
390,05/31/04,2241.63,1540.32,1466.4,1834.15,437.95,1350.95,1196.39,820.26,2333.76,382.93,3586.9,2522.43,1022.16,1050.6,1243.89,1102.62,4526.15,391.59
391,06/30/04,2361.63,1568.9,1520.79,1859.29,435.86,1426.86,1224.19,853.82,2469.55,387.42,3697.81,2523.09,1019.74,1068.88,1261.14,1132.47,4520.57,401.43
392,07/30/04,2221.58,1490.06,1490.54,1908.94,436.3,1449.9,1208.45,853.72,2422.81,376.12,3534.64,2437.0,1008.79,1031.19,1222.0,1076.83,4580.92,391.63
393,08/31/04,2237.37,1476.61,1525.07,1933.51,441.97,1447.69,1265.07,852.73,2465.44,376.14,3592.98,2407.83,1007.37,1034.65,1219.93,1056.63,4896.71,387.79
394,09/30/04,2178.7,1508.25,1701.2,2028.89,469.12,1516.57,1360.21,916.15,2618.94,390.97,3873.62,2467.52,1038.04,1044.47,1261.29,1112.42,4954.16,409.87
395,10/29/04,2233.58,1571.41,1742.63,2043.15,497.16,1602.31,1440.33,972.96,2595.49,423.69,3927.95,2513.81,1062.55,1059.11,1313.76,1157.61,4930.0,433.62
396,11/30/04,2340.96,1675.57,1978.96,2101.85,536.5,1814.89,1533.48,1011.27,2793.74,456.24,4421.77,2698.63,1126.97,1100.66,1389.23,1259.72,5362.76,466.46
397,12/31/04,2460.1,1753.17,1993.43,2163.08,558.59,1960.23,1606.01,1028.17,2899.85,486.81,4503.24,2821.81,1162.44,1137.43,1445.59,1327.55,5479.04,503.02
398,01/31/05,2402.92,1745.51,1932.28,2200.45,562.67,1914.41,1573.37,986.7,2821.41,472.57,4287.52,2734.53,1153.55,1108.2,1421.44,1272.99,5251.5,491.39
399,02/28/05,2451.91,1857.79,2157.97,2215.86,589.75,2087.95,1658.61,1048.79,3039.57,488.75,4561.2,2889.15,1204.63,1128.94,1491.74,1324.65,5426.08,506.95
400,03/31/05,2387.75,1787.14,2083.47,2202.82,563.79,1989.11,1639.23,1061.92,3031.84,472.05,4405.16,2804.58,1164.34,1109.27,1471.9,1294.55,5224.03,505.57
401,04/29/05,2326.21,1680.31,1970.75,2197.68,554.55,1899.81,1583.2,1003.33,2926.26,456.11,4214.63,2776.2,1149.96,1087.92,1404.99,1220.11,5423.9,480.53
402,05/31/05,2304.62,1682.09,2005.95,2197.3,552.8,1958.24,1526.06,1023.9,3007.58,455.69,4327.16,2770.03,1135.4,1121.5,1417.85,1236.77,5372.61,469.88
403,06/30/05,2301.57,1760.23,2172.64,2239.41,581.07,2084.11,1528.81,1084.14,3058.73,463.34,4283.99,2750.98,1149.94,1122.57,1427.6,1247.63,5557.69,468.8
404,07/29/05,2324.42,1796.2,2313.19,2410.62,594.77,2164.59,1594.62,1143.0,3153.78,481.89,4524.58,2899.47,1164.2,1163.42,1508.74,1334.58,5875.81,488.62
405,08/31/05,2485.89,1774.66,2474.83,2285.72,596.27,2307.49,1607.41,1208.95,3310.57,481.1,4553.83,2923.59,1191.12,1150.25,1512.91,1338.79,5805.11,491.31
406,09/30/05,2731.05,1796.8,2508.16,2307.12,636.82,2339.06,1628.63,1279.77,3334.44,510.67,4750.92,3021.01,1210.4,1158.74,1551.06,1368.99,5959.22,500.67
407,10/31/05,2697.89,1758.07,2316.84,2215.93,597.04,2244.86,1587.84,1186.82,3260.81,491.53,4484.28,3065.72,1172.73,1138.51,1484.4,1326.71,5559.77,465.35
408,11/30/05,2812.8,1846.95,2311.81,2306.81,615.88,2323.53,1625.06,1248.92,3332.79,486.32,4554.74,3172.45,1172.64,1181.54,1506.47,1373.36,5695.14,474.93
409,12/30/05,3052.98,1939.37,2392.16,2395.8,628.66,2411.01,1696.4,1302.21,3551.21,494.35,4867.91,3241.09,1205.64,1180.64,1558.06,1429.85,5741.67,496.63
410,01/31/06,3206.83,2035.24,2644.2,2529.94,673.41,2687.67,1815.96,1415.82,3637.43,524.46,5141.55,3437.04,1276.99,1211.66,1684.29,1547.81,6054.05,522.51
411,02/28/06,3178.95,2076.1,2661.87,2597.67,659.43,2644.73,1838.73,1388.6,3650.61,543.41,5120.57,3391.44,1264.28,1210.23,1665.81,1555.61,6063.82,527.21
412,03/31/06,3243.41,2161.51,2950.06,2658.53,659.98,2733.68,1874.03,1407.68,3844.8,554.06,5552.93,3459.72,1290.86,1224.08,1763.98,1624.11,6123.75,539.97
413,04/28/06,3336.86,2225.16,3196.75,2815.83,720.35,2857.75,1970.74,1475.49,4075.05,578.1,5712.8,3651.79,1365.09,1238.71,1823.89,1697.23,6447.85,558.24
414,05/31/06,3128.65,2119.43,2984.36,2568.2,678.94,2661.89,1886.8,1434.23,3895.11,560.73,5321.14,3530.34,1333.45,1199.47,1765.01,1605.48,6021.79,550.32
415,06/30/06,3092.83,2116.81,2869.44,2630.1,680.24,2647.36,1853.64,1408.68,3853.34,567.84,5338.46,3524.21,1343.1,1199.29,1775.87,1586.72,6033.34,546.99
416,07/31/06,3075.62,2168.73,2954.52,2634.14,688.44,2651.39,1904.53,1411.32,3838.42,579.84,5251.72,3632.83,1372.85,1202.08,1785.92,1580.94,6137.04,549.48
417,08/31/06,3121.39,2256.13,2895.08,2692.31,704.53,2677.78,1987.07,1465.67,4086.71,598.2,5451.78,3730.06,1396.46,1228.16,1844.73,1638.36,6341.23,572.2
418,09/29/06,3057.4,2326.51,2689.93,2774.71,691.7,2733.63,2053.98,1419.27,4185.86,630.13,5705.61,3782.58,1387.56,1257.93,1860.64,1663.04,6371.78,571.37
419,10/31/06,3110.49,2335.57,2920.42,3002.48,747.95,2882.03,2113.09,1486.08,4369.57,675.76,6068.64,3883.71,1455.77,1299.63,1910.64,1746.34,6481.46,592.26
420,11/30/06,3131.9,2394.45,3189.47,3209.7,774.75,3018.12,2154.99,1526.19,4654.85,704.39,6313.7,4007.83,1484.85,1322.19,1982.06,1826.61,6832.42,623.31
421,12/29/06,3208.28,2486.77,3386.26,3399.78,798.97,3248.92,2260.71,1512.94,4859.4,715.99,6839.02,4079.33,1521.54,1336.3,2051.59,1902.1,7249.84,636.0
422,01/31/07,3235.27,2493.38,3527.2,3530.79,800.77,3264.91,2265.44,1506.98,4992.18,727.08,6924.63,4155.65,1518.69,1359.13,2045.2,1925.29,7365.69,635.61
423,02/28/07,3364.84,2496.58,3446.76,3550.66,824.41,3206.9,2252.46,1515.98,5001.17,722.12,6712.6,4074.36,1512.04,1331.22,2045.79,1942.79,7174.96,628.75
424,03/30/07,3303.14,2670.85,3620.75,3747.4,866.08,3434.53,2349.03,1554.95,5205.14,743.69,7095.33,4164.77,1550.6,1343.99,2108.76,2027.86,7265.49,641.66
425,04/30/07,3237.74,2884.38,3813.31,3884.67,917.71,3587.81,2445.73,1647.72,5562.64,751.46,7781.41,4429.41,1615.57,1400.3,2277.72,2203.62,7403.46,686.83
426,05/31/07,3289.89,2861.41,3857.07,4048.49,928.86,3623.77,2421.05,1785.71,5678.29,789.89,7660.59,4367.23,1637.14,1446.19,2296.97,2271.48,7488.08,667.73
427,06/29/07,3280.02,2854.2,4073.86,4088.35,950.21,3570.64,2407.04,1779.53,5534.94,770.41,7551.71,4257.37,1653.85,1420.27,2275.98,2313.73,7587.48,651.32
428,07/31/07,3273.24,2843.39,4043.75,4126.81,937.22,3387.55,2310.16,1773.67,5743.39,780.14,7575.88,4187.1,1611.75,1374.9,2193.96,2229.01,8115.95,632.64
429,08/31/07,3176.58,2758.15,3857.87,3928.65,914.72,3250.87,2225.32,1771.19,5715.55,762.93,7230.16,4164.42,1587.38,1392.88,2152.99,2232.71,8143.71,629.87
430,09/28/07,3233.93,2980.17,4383.08,4389.89,1047.49,3264.69,2279.6,1941.29,6030.2,803.16,7731.94,4320.66,1642.14,1443.58,2263.93,2398.66,9347.88,653.46
431,10/31/07,3220.78,3036.03,4555.78,4583.08,1126.02,3505.22,2381.83,2120.96,6275.17,894.65,7544.1,4403.68,1737.31,1466.4,2350.37,2510.3,10362.91,675.27
432,11/30/07,3161.21,2918.11,4286.22,4222.7,1037.2,3275.77,2182.11,1882.62,6030.33,893.31,6934.35,4409.47,1638.64,1401.26,2308.1,2479.12,9948.67,662.64
433,12/31/07,3034.4,2922.62,4348.86,4212.7,998.8,3273.18,2141.62,1930.06,6036.59,863.95,6746.02,4237.34,1593.36,1390.91,2275.12,2520.74,9966.94,652.96
434,01/31/08,2895.58,2576.74,3432.76,3681.75,906.43,2834.92,1927.42,1804.54,5344.1,757.28,5956.0,3999.43,1450.4,1304.91,2000.23,2167.34,8806.05,589.52
435,02/29/08,2914.74,2637.27,3920.37,3828.01,928.26,2930.79,1973.64,1913.5,5819.58,770.39,6371.6,4080.33,1450.69,1261.5,2033.34,2195.87,8608.13,588.3
436,03/31/08,2772.67,2720.44,3891.62,3895.53,873.21,2947.29,2074.41,1804.2,5991.15,810.51,6509.94,4126.19,1406.76,1254.78,2084.27,2219.3,8054.67,576.44
437,04/30/08,2973.63,2790.8,4381.38,4114.39,946.74,3285.32,2164.3,1929.22,5936.76,833.15,6586.89,4101.08,1493.25,1315.44,2168.1,2294.74,8663.65,608.68
438,05/30/08,3048.02,2791.71,4614.01,4104.48,964.89,3365.49,2007.28,2072.66,6305.41,817.72,6693.92,4077.66,1478.43,1333.65,2179.37,2300.74,8556.12,593.55
439,06/30/08,2838.52,2433.08,4313.31,3795.16,903.11,3057.29,1625.89,1993.56,5915.89,732.98,5662.91,3857.74,1381.45,1222.79,1958.83,2116.05,7639.05,527.71
440,07/31/08,2741.69,2334.14,3874.46,3760.88,839.77,2758.5,1489.32,1851.87,5755.15,721.2,5614.59,3837.19,1323.15,1207.12,1919.3,2093.87,7525.61,503.79
441,08/29/08,2632.15,2340.13,3674.42,3430.28,798.67,2595.8,1485.27,1812.62,5495.9,668.53,5367.59,3725.31,1271.85,1221.06,1852.27,1965.97,7102.02,481.98
442,09/30/08,2318.86,1898.9,2551.5,2918.05,656.2,1790.5,1107.66,1552.37,4356.31,601.59,4372.39,3345.68,1080.73,1107.0,1585.46,1680.99,5840.45,408.61
443,10/31/08,1975.95,1420.98,1700.31,2066.44,488.46,1122.0,702.75,1130.82,3237.94,448.09,3206.91,2935.27,874.02,916.08,1229.8,1294.89,4586.71,312.08
444,11/28/08,1951.66,1335.21,1443.2,2003.19,448.98,962.42,629.84,1064.09,3017.16,435.9,3090.2,2668.47,811.97,845.76,1155.6,1178.98,4528.42,292.88
445,12/31/08,2108.16,1458.64,1512.63,2125.43,476.41,1015.88,696.54,1030.88,3129.82,492.74,3276.01,2899.64,787.72,854.35,1253.19,1329.96,4696.9,312.78
446,01/30/09,1964.83,1337.45,1550.03,2004.1,413.6,906.87,685.94,992.03,3060.1,415.48,2907.18,2547.19,738.19,783.63,1074.03,1103.01,4718.2,269.24
447,02/27/09,1720.81,1170.66,1428.85,1780.57,393.69,748.79,622.97,904.82,2746.39,369.87,2805.79,2258.44,672.55,700.71,971.52,964.2,4491.33,232.22
448,03/31/09,1741.89,1210.9,1561.34,1930.25,460.61,933.36,665.35,986.71,2755.88,397.3,3070.13,2430.37,694.32,759.24,1052.11,1066.41,4653.21,248.42
449,04/30/09,1909.62,1346.09,1751.0,2242.07,512.36,1021.92,738.9,1121.1,3259.78,461.99,3750.44,2584.51,778.83,830.83,1183.63,1230.53,5414.13,294.32
450,05/29/09,2105.28,1505.84,2074.81,2776.47,561.03,1245.69,840.93,1356.63,3683.34,513.13,4045.5,2826.46,881.95,874.3,1305.79,1326.94,6336.58,328.43
451,06/30/09,2141.54,1486.58,1901.68,2763.0,586.82,1216.06,823.49,1280.2,3689.82,533.71,4039.05,2799.5,867.08,874.74,1246.22,1281.35,6226.28,312.59
452,07/31/09,2232.44,1699.69,2105.48,3192.06,646.9,1308.26,894.73,1431.01,3954.16,604.77,4763.19,3110.65,946.26,939.39,1375.89,1432.2,7082.75,338.66
453,08/31/09,2319.76,1794.58,2161.87,3082.79,693.2,1471.24,986.6,1408.17,4267.74,639.99,5020.34,3313.18,992.5,969.81,1482.71,1491.92,6569.07,370.28
454,09/30/09,2265.59,1943.08,2406.07,3261.34,771.41,1560.85,1058.49,1507.05,4355.52,672.67,5064.46,3433.17,1018.5,1005.9,1573.44,1579.01,7079.2,395.25
455,10/30/09,2208.84,1904.11,2490.49,3232.66,771.78,1471.02,1038.24,1426.93,4231.99,664.64,5297.78,3449.41,1030.69,985.24,1510.56,1516.16,7259.65,375.65
456,11/30/09,2186.45,1938.55,2630.47,3384.2,791.26,1489.37,1077.15,1529.96,4368.72,689.7,5296.49,3507.03,1054.89,1041.34,1564.63,1594.08,7144.72,379.46
457,12/31/09,2201.68,2010.92,2760.63,3555.74,804.08,1405.99,1074.46,1574.2,4232.74,672.39,5247.04,3564.45,1081.86,1061.13,1599.63,1613.37,7289.79,383.54
458,01/29/10,2243.41,1939.64,2557.2,3340.84,747.81,1339.07,1045.82,1455.25,4365.1,592.95,5116.5,3445.36,1029.18,1022.88,1481.4,1470.33,6809.74,351.08
459,02/26/10,2267.76,1848.26,2427.27,3364.82,768.49,1290.44,1031.89,1537.54,4309.1,548.28,5263.42,3510.23,1008.73,1052.03,1446.98,1437.6,7071.28,331.47
460,03/31/10,2362.76,1980.01,2578.77,3506.43,827.75,1388.78,1062.66,1661.32,4620.32,567.44,5626.78,3680.55,1064.61,1113.36,1536.92,1567.65,7442.69,355.6
461,04/30/10,2358.11,1950.08,2605.1,3683.64,823.0,1388.43,1014.92,1682.12,4878.97,539.26,5819.37,3466.39,1050.19,1130.03,1457.64,1526.31,7229.89,330.81
462,05/31/10,2167.32,1710.46,2126.41,3335.31,682.63,1148.39,928.63,1564.23,4323.65,443.33,4997.97,3083.17,931.19,1036.6,1244.42,1343.17,6715.9,276.35
463,06/30/10,2122.98,1698.74,2057.12,3455.92,665.83,1056.74,913.27,1479.91,4362.93,441.16,5141.36,3214.63,908.16,979.88,1221.23,1339.23,6908.72,272.47
464,07/30/10,2197.79,1881.6,2423.58,3727.44,746.98,1243.24,1008.35,1582.68,4812.05,535.66,5742.25,3369.26,1017.01,1047.14,1371.46,1466.32,7309.99,315.6
465,08/31/10,2146.94,1737.07,2300.37,3674.26,718.1,1187.07,969.81,1549.92,4582.48,504.61,5409.42,3453.25,991.8,998.28,1286.25,1379.39,7364.08,292.09
466,09/30/10,2228.12,1965.27,2656.36,3965.41,811.98,1350.98,1090.97,1667.37,5133.91,557.92,6411.59,3641.68,1078.91,1087.34,1472.55,1562.19,8364.48,324.91
467,10/29/10,2273.64,1998.23,2756.95,4093.52,834.79,1444.4,1136.62,1716.42,5308.73,581.57,6442.44,3724.72,1119.77,1128.87,1547.45,1684.17,8537.93,345.56
468,11/30/10,2321.04,1802.35,2523.55,4022.83,800.46,1297.06,996.27,1731.74,4971.4,458.94,6264.08,3590.34,1061.23,1127.5,1372.64,1598.61,8675.49,290.41
469,12/31/10,2495.83,1998.36,2964.97,4211.72,884.41,1509.3,1050.52,1860.69,5494.4,501.72,6887.99,3915.21,1137.76,1201.0,1491.83,1710.5,8724.05,315.94
470,01/31/11,2498.83,2085.6,2910.28,4201.4,864.24,1556.58,1069.77,1865.72,5604.61,566.38,7132.04,3902.59,1159.32,1228.57,1595.41,1779.35,8872.05,351.1
471,02/28/11,2611.91,2162.73,3132.88,3988.39,897.86,1580.92,1098.48,1999.7,5883.97,571.01,7110.84,4026.36,1204.58,1267.03,1650.57,1841.24,8575.23,360.94
472,03/31/11,2348.94,2204.35,3159.74,4181.01,912.72,1600.08,1107.89,1995.28,5977.7,566.24,7220.27,3942.64,1169.48,1266.63,1649.03,1833.53,8654.24,359.44
473,04/29/11,2357.33,2248.66,3343.44,4384.94,965.37,1640.84,1228.17,2015.53,6148.21,610.05,7774.37,4268.08,1249.18,1303.97,1773.22,2027.45,8850.9,388.06
474,05/31/11,2318.31,2132.57,3142.78,4269.12,912.45,1555.41,1165.4,1951.69,5856.82,567.35,7493.49,4337.75,1217.12,1287.01,1682.04,1870.76,8833.59,354.74
475,06/30/11,2351.16,2071.28,3022.75,4201.56,900.22,1592.19,1114.48,1891.6,5574.54,565.22,7097.68,4147.69,1178.04,1263.12,1685.5,1906.95,8478.96,342.27
476,07/29/11,2433.55,1977.54,3002.22,4396.02,880.43,1484.0,1067.6,1848.41,5379.39,519.72,6757.25,4136.33,1177.95,1237.13,1548.11,1832.45,8650.39,310.57
477,08/31/11,2235.12,1780.91,2787.57,3930.2,833.38,1273.25,1001.21,1780.38,4649.93,473.04,6003.86,3861.24,1084.64,1165.71,1381.54,1491.99,8094.56,264.91
478,09/30/11,2179.26,1609.31,2364.64,3383.32,707.37,989.42,899.93,1525.33,4222.28,433.48,5206.53,3420.18,987.34,1080.15,1177.28,1315.65,6735.56,234.13
479,10/31/11,2173.71,1818.45,2779.24,3736.92,827.61,1054.48,948.32,1681.85,4537.54,469.52,6032.66,3708.15,1105.21,1197.16,1328.72,1527.52,7571.51,265.66
480,11/30/11,2076.28,1710.7,2647.36,3431.18,765.89,942.51,924.22,1634.01,4672.91,425.5,5721.96,3500.55,1067.85,1190.52,1246.54,1463.38,6997.75,245.72
481,12/30/11,2091.15,1711.27,2584.21,3328.83,753.14,938.88,918.66,1593.44,4569.92,416.92,5661.66,3560.57,1068.19,1199.65,1203.77,1367.53,7119.43,234.57
482,01/31/12,2185.62,1765.45,2673.69,3807.65,819.58,1035.54,953.88,1685.12,4771.3,417.55,5989.98,3651.1,1104.95,1254.7,1270.07,1507.27,7792.9,249.49
483,02/29/12,2295.0,1839.99,3087.61,3987.04,835.61,1124.54,1041.52,1743.23,5456.71,424.81,6632.62,3821.89,1155.9,1306.74,1359.9,1633.88,8457.69,262.02
484,03/30/12,2303.53,1857.19,2965.65,3963.34,809.51,1093.46,1092.21,1686.37,5336.12,399.05,6430.11,3883.01,1137.13,1346.48,1348.95,1648.15,8045.32,255.44
485,04/30/12,2229.85,1756.73,2873.39,3966.35,825.19,1047.7,1051.89,1691.93,5491.86,345.8,6256.65,3781.45,1148.6,1336.75,1264.24,1579.44,8090.77,233.63
486,05/31/12,2030.1,1560.13,2386.72,3531.38,712.7,841.39,960.26,1507.51,4837.64,281.14,5304.97,3375.35,1011.27,1251.29,1105.8,1344.5,7231.28,192.49
487,06/29/12,2132.25,1689.01,2582.29,3750.27,761.23,910.78,1073.07,1546.49,5159.01,339.15,5787.78,3587.98,1079.46,1298.65,1200.34,1407.3,7532.39,218.63
488,07/31/12,2081.25,1747.29,2678.23,4036.71,817.79,901.37,1081.55,1577.58,5437.2,310.96,6157.19,3666.68,1091.23,1314.62,1199.85,1442.68,7796.41,206.72
489,08/31/12,2065.34,1813.63,2862.03,3980.82,811.04,915.96,1143.91,1641.94,5611.23,351.97,6162.84,3749.82,1119.92,1341.92,1269.77,1517.71,7829.51,229.34
490,09/28/12,2093.05,1835.5,2925.48,4097.44,828.13,972.57,1177.58,1698.45,5734.55,371.97,6402.2,3865.83,1144.13,1373.92,1281.5,1603.3,8418.08,233.59
491,10/31/12,2054.04,1895.21,2892.42,4033.11,849.97,1031.98,1170.45,1689.4,5686.12,380.28,6250.73,3967.37,1149.28,1347.36,1316.01,1629.64,8537.3,241.24
492,11/30/12,2102.69,1951.23,2910.72,4098.4,852.56,1088.37,1227.08,1678.69,5781.97,386.85,6449.56,4123.65,1160.49,1352.17,1369.79,1672.16,8784.61,245.9
493,12/31/12,2211.55,2004.84,2938.73,4207.39,876.46,1151.11,1250.12,1700.17,5921.96,403.25,6721.42,4176.65,1183.48,1361.88,1416.97,1739.44,8859.54,254.74
494,01/31/13,2292.67,2165.74,3133.63,4264.91,924.67,1201.15,1287.83,1728.17,6591.8,426.2,7265.13,4537.14,1228.22,1432.15,1495.62,1828.26,9375.64,277.46
495,02/28/13,2353.06,2019.68,3006.36,4265.43,954.27,1175.33,1327.93,1701.07,6390.3,401.2,7356.16,4557.55,1192.39,1447.09,1445.01,1756.6,9311.91,242.53
496,03/29/13,2448.86,2049.8,2952.05,4324.39,944.67,1094.39,1360.22,1705.64,6098.51,377.27,7298.25,4610.11,1200.42,1499.23,1422.89,1737.97,9137.54,229.85
497,04/30/13,2662.86,2106.22,3042.46,4443.26,988.39,1162.62,1356.73,1677.67,6323.61,412.98,7314.61,4749.58,1233.58,1527.16,1502.73,1788.73,9357.53,256.41
498,05/31/13,2510.7,2154.81,2951.02,4190.9,862.32,1138.08,1332.81,1666.01,6071.28,400.66,7224.57,4622.73,1229.37,1555.46,1511.72,1823.55,9114.79,256.2
499,06/28/13,2552.34,2077.33,2700.25,3993.89,805.57,1049.72,1275.47,1568.82,5841.59,371.47,6737.03,4533.92,1161.24,1532.12,1434.4,1746.72,8599.67,226.53
500,07/31/13,2567.64,2282.18,2921.91,4132.79,828.34,1123.91,1377.62,1655.84,6328.55,416.93,7480.8,4708.51,1236.84,1610.62,1564.16,1860.29,8956.92,249.91
501,08/30/13,2511.69,2247.77,2870.82,3864.29,834.07,1169.12,1356.98,1637.47,6353.25,406.48,7260.2,4645.58,1222.61,1562.55,1529.23,1811.88,8814.48,252.07
502,09/30/13,2704.78,2375.86,2932.96,4122.33,889.5,1242.06,1447.61,1697.46,6634.32,464.69,7758.91,4960.59,1289.18,1611.75,1653.6,1968.92,9299.54,269.52
503,10/31/13,2704.24,2488.46,3139.13,4266.95,938.99,1281.94,1517.84,1750.14,6744.41,507.54,7771.67,5087.53,1331.87,1681.19,1720.6,2081.25,9484.7,301.48
504,11/29/13,2743.11,2519.85,3057.57,4200.09,890.81,1314.0,1502.31,1731.7,7061.76,503.74,7857.12,5118.07,1340.3,1725.16,1722.05,2169.76,9566.4,295.78
505,12/31/13,2762.87,2576.34,3095.46,4132.57,873.94,1276.63,1557.41,1756.2,7310.22,514.88,8160.99,5171.82,1375.35,1768.42,1747.48,2230.19,9576.81,297.72
506,01/31/14,2656.18,2427.65,2896.43,3857.93,826.55,1244.96,1462.13,1679.86,7552.2,504.18,7837.72,5070.25,1315.18,1706.59,1660.65,2115.91,9040.14,299.28
507,02/28/14,2641.19,2570.53,3114.91,3985.51,883.72,1277.71,1596.08,1752.07,8671.82,526.64,8402.82,5399.26,1401.65,1782.46,1801.18,2257.41,9450.81,320.62
508,03/31/14,2587.44,2599.72,3152.31,4087.86,914.41,1239.91,1593.62,1773.42,8392.86,539.03,8287.48,5375.44,1350.41,1792.01,1796.14,2218.06,9210.43,341.16
509,04/30/14,2520.38,2544.42,3269.05,4207.96,931.35,1245.53,1622.14,1821.88,8420.84,554.77,8218.56,5407.43,1406.53,1800.72,1842.07,2227.24,9432.98,346.09
510,05/30/14,2620.07,2564.21,3369.19,4263.94,934.94,1229.6,1626.27,1834.05,8320.52,565.6,8239.64,5440.35,1411.96,1839.43,1828.42,2229.43,9795.55,338.58
511,06/30/14,2755.03,2588.79,3361.17,4254.96,931.13,1217.79,1648.89,1938.31,8635.21,573.8,8091.31,5410.11,1417.32,1875.87,1795.03,2213.69,9829.92,335.38
512,07/31/14,2770.86,2451.44,3234.23,4425.44,957.78,1074.52,1582.06,1933.74,8427.63,553.73,7834.17,5194.86,1397.99,1847.14,1686.44,2071.11,10431.91,317.37
513,08/29/14,2710.06,2493.84,3287.11,4328.37,960.44,1050.47,1622.18,1974.79,8310.38,546.31,7815.36,5307.83,1393.22,1917.08,1705.16,2052.57,10302.98,310.23
514,09/30/14,2674.16,2459.42,3095.2,4151.65,846.11,951.88,1585.99,1843.19,8297.86,529.27,7620.27,5167.36,1319.01,1884.24,1642.65,1966.32,9510.39,304.9
515,10/31/14,2639.12,2405.01,2788.03,4098.14,890.74,958.9,1553.66,1786.46,8099.21,508.45,7500.6,5129.02,1285.82,1927.44,1569.44,1926.53,10150.36,287.12
516,11/28/14,2646.68,2534.75,2479.14,4145.44,828.46,984.3,1636.71,1784.57,8131.59,523.13,7697.77,5298.88,1290.74,1974.16,1623.07,2049.19,10194.05,287.02
517,12/31/14,2606.14,2448.24,2314.46,4109.69,807.97,882.3,1586.93,1745.51,7648.26,485.11,7357.83,5051.31,1255.14,1964.73,1540.38,1958.63,9770.62,263.69
518,01/30/15,2666.9,2450.79,2342.57,4019.56,793.62,812.39,1656.39,1596.52,7793.35,453.53,7517.31,5085.07,1241.2,1907.32,1551.02,1989.61,10311.07,263.73
519,02/27/15,2827.93,2610.52,2492.85,4015.78,848.06,945.44,1742.2,1689.55,8449.18,485.95,8030.24,5317.1,1313.97,2013.91,1652.39,2109.62,10253.75,285.81
520,03/31/15,2852.82,2564.47,2361.91,4023.31,822.38,907.65,1680.6,1631.49,8788.83,481.88,7665.56,5251.6,1230.01,1981.62,1610.5,2116.06,10292.69,281.71
521,04/30/15,2953.09,2651.53,2613.81,4255.22,831.81,1001.8,1705.21,1740.85,9281.52,498.58,7739.88,5404.95,1309.89,1997.63,1686.32,2104.18,11215.59,293.09
522,05/29/15,2990.02,2661.67,2497.86,4015.63,803.14,967.25,1680.16,1660.0,9205.97,480.32,7631.31,5452.7,1303.29,2019.68,1639.52,2017.74,11099.96,292.66
523,06/30/15,2936.37,2605.59,2400.02,3962.26,764.74,931.49,1671.03,1607.93,8991.3,469.82,7350.68,5227.43,1253.71,1978.1,1589.74,1964.65,10753.55,284.13
524,07/31/15,2950.0,2717.24,2328.16,3745.32,763.12,958.25,1705.85,1545.39,9538.02,485.44,7439.06,5458.01,1274.33,2015.31,1667.64,2017.45,10574.33,295.88
525,08/31/15,2777.95,2478.33,2051.68,3288.77,669.9,883.56,1586.65,1443.7,9040.86,449.74,6983.85,5086.49,1170.3,1888.74,1550.41,1866.03,9182.44,280.14
526,09/30/15,2572.35,2359.1,1936.32,3141.85,637.82,844.2,1539.38,1372.76,8769.87,415.62,6677.3,4859.05,1116.73,1835.5,1485.01,1750.62,8946.16,271.01
527,10/30/15,2831.44,2545.07,2072.55,3434.66,674.93,906.45,1688.91,1426.85,8810.98,445.25,6997.53,5074.48,1195.14,1984.46,1608.76,1936.42,9706.25,283.26
528,11/30/15,2802.26,2497.0,2038.73,3244.15,674.89,917.99,1758.35,1396.08,9086.37,428.9,6996.5,4911.06,1163.1,1986.56,1560.43,1936.62,9375.33,273.84
529,12/31/15,2808.29,2429.4,1915.14,3253.59,694.32,902.02,1737.45,1294.48,9352.58,404.21,6833.69,4958.29,1116.72,1949.7,1506.24,1885.35,9446.62,264.39
530,01/29/16,2577.18,2361.55,1812.73,2957.53,635.11,816.23,1692.39,1259.02,8929.26,371.65,6293.79,4585.7,1048.74,1843.88,1437.5,1713.41,8568.0,228.55
531,02/29/16,2505.65,2322.67,1838.08,3054.14,623.99,806.44,1571.73,1305.39,8716.2,357.51,6373.98,4476.83,1032.81,1834.97,1420.63,1668.49,8547.55,216.65
532,03/31/16,2602.76,2507.32,1942.59,3410.18,699.94,897.35,1694.47,1432.29,9159.91,385.88,6760.2,4647.01,1077.02,1957.22,1504.28,1833.31,9339.52,233.56
533,04/29/16,2723.56,2482.86,2067.94,3397.71,719.76,934.7,1700.32,1524.59,9341.3,404.67,6778.66,4724.57,1109.83,1964.63,1526.95,1845.23,9407.99,239.39
534,05/31/16,2695.67,2500.38,1984.67,3228.76,697.15,861.98,1727.19,1470.12,9486.1,392.52,6564.58,4694.27,1098.9,1995.56,1505.99,1801.64,9236.13,225.69
535,06/30/16,2625.71,2342.45,1945.14,3369.72,696.37,793.96,1709.72,1471.96,9086.62,352.42,6274.44,4665.4,1055.86,1997.33,1412.15,1696.98,9281.04,203.68
536,07/29/16,2795.78,2454.81,1935.95,3372.44,753.22,854.65,1736.66,1518.96,9481.2,373.26,6507.85,4773.73,1084.47,2070.68,1489.6,1822.4,9915.57,212.38
537,08/31/16,2805.55,2511.41,1972.78,3254.43,727.87,875.41,1724.03,1521.94,8853.55,378.17,6609.26,4743.02,1077.52,2068.57,1481.99,1858.93,9984.39,213.91
538,09/30/16,2829.04,2540.26,2058.31,3306.41,743.01,921.86,1794.05,1535.04,8492.41,383.29,6743.62,4778.46,1087.65,2067.66,1499.52,1866.16,10304.87,207.42
539,10/31/16,2866.41,2477.27,2035.64,3169.57,727.06,959.44,1640.32,1518.93,7963.28,395.19,6382.73,4519.24,1029.07,2026.1,1488.86,1837.88,10184.9,210.95
540,11/30/16,2797.24,2393.95,2025.41,3236.57,724.09,942.36,1538.18,1552.79,7377.37,361.67,6393.48,4408.26,1027.88,2093.61,1460.94,1769.91,9987.34,202.91
541,12/30/16,2821.1,2483.24,2094.32,3170.32,741.08,981.85,1568.58,1576.93,7740.87,390.75,6672.33,4594.0,1069.58,2129.36,1539.33,1893.3,9346.12,229.31
542,01/31/17,2925.92,2526.03,2232.57,3431.94,772.7,1035.35,1569.03,1632.92,8084.78,399.87,7053.6,4778.11,1082.95,2171.19,1548.39,1952.31,10068.01,222.98
543,02/28/17,2957.69,2615.8,2166.88,3510.88,796.38,1035.15,1599.28,1605.72,8042.35,401.94,7047.37,4851.99,1096.38,2251.29,1553.71,1960.41,10263.62,222.27
544,03/31/17,2924.75,2761.47,2116.35,3588.77,812.74,1066.47,1648.25,1608.07,8118.03,446.68,7222.82,4931.02,1111.37,2250.91,1649.02,2042.86,10539.94,242.94
545,04/28/17,2955.36,2860.61,2093.83,3583.73,806.88,1169.6,1698.97,1571.52,8735.28,465.35,7506.27,5062.38,1130.52,2272.62,1732.33,2100.46,10850.63,247.39
546,05/31/17,3042.55,2984.92,2179.15,3686.66,769.55,1260.48,1758.68,1565.56,9269.33,486.75,7701.56,5316.46,1176.44,2297.76,1797.95,2166.93,11118.15,257.43
547,06/30/17,3071.5,2936.73,2157.92,3729.07,790.36,1279.96,1702.05,1609.51,9343.51,478.06,7764.44,5306.77,1149.4,2308.82,1769.58,2140.32,11148.96,260.06
548,07/31/17,3133.47,3136.64,2416.35,3918.45,825.51,1388.54,1846.67,1670.37,9756.54,499.9,7826.71,5352.25,1178.38,2353.08,1818.31,2179.37,11562.2,279.13
549,08/31/17,3130.94,3116.01,2468.73,3842.8,817.29,1410.31,1823.59,1669.63,10067.77,492.94,7946.12,5305.86,1159.51,2355.08,1837.46,2184.67,11716.7,284.24
550,09/29/17,3170.72,3190.97,2562.57,3789.63,804.48,1437.77,1858.05,1728.26,10031.63,496.93,8188.15,5407.06,1196.64,2399.93,1914.78,2305.94,11635.06,294.32
551,10/31/17,3316.51,3217.93,2579.68,3978.15,815.87,1467.75,1888.37,1721.15,10174.98,495.98,8156.35,5316.04,1201.5,2452.16,1942.55,2341.25,11672.96,290.21
552,11/30/17,3415.1,3190.89,2523.63,4126.33,814.4,1505.87,1832.41,1729.03,10006.53,492.89,7879.85,5429.46,1197.64,2520.55,1946.35,2369.31,12033.46,291.46
553,12/29/17,3435.12,3213.82,2599.1,4149.06,851.82,1521.61,1815.57,1791.59,10239.13,486.07,7857.79,5503.28,1255.81,2544.58,1939.39,2369.98,12357.2,287.0
554,01/31/18,3592.39,3417.61,2753.94,4410.46,876.98,1686.88,1912.96,1805.18,10558.7,528.16,8339.14,5738.63,1293.29,2687.94,2075.32,2510.36,12932.07,319.64
555,02/28/18,3537.14,3240.3,2694.06,4321.39,840.33,1591.25,1833.51,1670.61,10268.49,485.84,7889.92,5374.09,1202.92,2583.87,1974.28,2324.09,12509.14,300.74
556,03/30/18,3435.61,3239.05,2650.22,4257.68,789.49,1550.9,1823.8,1651.19,9985.74,476.17,7576.75,5224.25,1194.06,2516.93,1943.06,2280.32,12135.54,301.63
557,04/30/18,3458.47,3256.95,2687.7,4493.56,808.66,1528.32,1743.99,1687.81,9748.08,485.87,7412.87,5154.34,1246.55,2524.28,2028.91,2311.48,12506.84,317.5
558,05/31/18,3422.08,3135.6,2622.61,4172.21,814.47,1392.61,1637.54,1718.55,9491.84,440.78,7227.91,4962.74,1229.36,2579.76,1927.09,2200.14,12489.5,276.92
559,06/29/18,3332.17,3136.51,2661.56,3861.55,823.24,1359.17,1686.29,1717.8,9257.0,450.23,7192.95,5009.19,1213.79,2593.86,1902.17,2147.12,11837.78,274.36
560,07/31/18,3345.26,3264.18,2684.39,3904.86,841.53,1420.89,1722.88,1756.47,9788.72,465.76,7583.66,5335.94,1223.74,2683.95,1970.79,2239.49,12029.88,282.3
561,08/31/18,3351.62,3180.71,2651.51,3798.38,819.76,1316.39,1640.71,1727.63,9797.23,438.22,7475.52,5369.16,1162.61,2766.77,1931.8,2171.63,11714.87,255.51
562,09/28/18,3429.64,3070.22,2822.04,3873.85,804.62,1356.91,1597.36,1722.67,9441.81,438.04,7697.72,5369.39,1181.28,2775.55,1953.89,2134.7,11631.56,260.74
563,10/31/18,3139.01,2831.02,2593.25,3539.11,743.42,1271.44,1410.77,1584.71,8517.51,407.27,6921.26,5157.63,1098.58,2579.96,1769.98,1954.45,10333.23,236.3
564,11/30/18,3150.57,2905.85,2448.85,3641.25,742.73,1217.49,1429.78,1586.16,8808.11,414.31,6812.53,5169.96,1075.1,2623.85,1737.79,1914.64,11058.94,237.75
565,12/31/18,2935.72,2727.47,2297.22,3598.65,717.4,1075.82,1296.19,1449.45,8510.14,397.17,6590.81,4889.46,1033.06,2383.55,1655.66,1804.35,11060.97,229.58
566,01/31/19,3114.58,2925.36,2445.07,3802.55,766.55,1171.68,1422.77,1635.39,8801.95,421.85,6969.43,5191.16,1104.35,2576.16,1751.97,1919.88,11912.59,248.26
